playerID,avg_EFF,avg_conference_rank,total_team_wins,total_team_losses,total_minutes,total_playoffs_made,total_points,total_rebounds,total_assists,total_steals,total_blocks,award_year,points_per_minute,rebounds_per_minute,assists_per_minute,Target
abrossv01w,250.4,5.4,72,94,3682,2,1425,642,300,206,38,7,0.38701792504073873,0.17436175991309072,0.08147745790331341,0
adamsjo01w,35.0,4.0,18,16,96,1,33,23,4,2,3,7,0.34375,0.23958333333333334,0.041666666666666664,0
aguilel01w,42.0,3.0,20,12,141,1,43,11,16,3,2,7,0.3049645390070922,0.07801418439716312,0.11347517730496454,0
aldrima01w,29.0,6.0,24,40,307,1,70,26,30,9,4,7,0.2280130293159609,0.08469055374592833,0.09771986970684039,0
alhalta01w,38.0,5.0,13,19,252,0,49,38,14,11,0,7,0.19444444444444445,0.15079365079365079,0.05555555555555555,0
amachma01w,4.333333333333333,4.0,55,45,53,1,11,15,0,5,3,7,0.20754716981132076,0.2830188679245283,0.0,0
ambermo01w,0.0,6.0,14,18,4,0,0,0,0,0,0,7,0.0,0.0,0.0,0
anderch01w,83.33333333333333,4.666666666666667,44,58,1071,2,322,148,21,16,26,7,0.3006535947712418,0.13818860877684408,0.0196078431372549,0
anderke01w,51.333333333333336,3.3333333333333335,50,46,567,3,94,67,94,31,3,7,0.1657848324514991,0.11816578483245149,0.1657848324514991,0
andrame01w,161.5,3.75,65,65,2420,2,517,242,249,121,27,7,0.21363636363636362,0.1,0.10289256198347108,0
arcaija01w,375.8,2.6,109,55,5462,5,1955,610,360,249,19,7,0.3579274990845844,0.11168070303917979,0.06590992310508971,0
askamma01w,142.75,4.0,73,55,1587,2,397,378,51,41,37,7,0.25015752993068685,0.2381852551984877,0.03213610586011342,0
aycocan01w,3.0,7.0,21,43,13,0,0,5,4,0,0,7,0.0,0.38461538461538464,0.3076923076923077,0
azizle01w,9.0,5.0,16,18,44,0,10,9,1,0,4,7,0.22727272727272727,0.20454545454545456,0.022727272727272728,0
azzije01w,318.25,4.25,69,61,4051,2,986,299,532,88,38,7,0.24339669217477167,0.0738089360651691,0.13132559861762527,0
badertr01w,29.666666666666668,3.3333333333333335,49,47,447,2,82,30,47,28,2,7,0.18344519015659955,0.06711409395973154,0.10514541387024609,0
banchrh01w,1.0,3.0,21,11,21,1,6,3,1,0,0,7,0.2857142857142857,0.14285714285714285,0.047619047619047616,0
baranel01w,461.75,3.5,72,62,3835,3,1338,845,253,131,204,7,0.3488917861799218,0.22033898305084745,0.06597131681877444,0
barksla01w,37.666666666666664,6.0,39,59,488,0,161,79,21,11,10,7,0.32991803278688525,0.16188524590163936,0.0430327868852459,0
barnead01w,75.8,2.8,94,70,1312,4,255,233,86,66,18,7,0.19435975609756098,0.17759146341463414,0.06554878048780488,0
barnequ01w,78.33333333333333,7.666666666666667,27,69,947,0,280,119,44,29,41,7,0.29567053854276665,0.12565997888067582,0.046462513199577615,0
batkosu01w,217.0,2.0,20,14,461,1,199,94,26,17,24,7,0.4316702819956616,0.2039045553145336,0.05639913232104121,0
batteja01w,0.0,6.0,14,20,46,0,0,5,3,0,1,7,0.0,0.10869565217391304,0.06521739130434782,0
battlas01w,2.0,2.0,20,14,8,1,2,2,0,0,0,7,0.25,0.25,0.0,0
bauerca01w,40.0,7.333333333333333,32,64,733,0,134,115,18,12,9,7,0.18281036834924966,0.15688949522510232,0.02455661664392906,0
beardal01w,397.5,4.5,33,35,2040,1,868,273,181,114,43,7,0.42549019607843136,0.1338235294117647,0.08872549019607844,0
bennije01w,11.0,2.0,21,13,52,1,9,6,4,1,1,7,0.17307692307692307,0.11538461538461539,0.07692307692307693,0
berthlu01w,43.0,5.666666666666667,40,60,351,1,129,73,10,16,6,7,0.36752136752136755,0.20797720797720798,0.02849002849002849,0
beviltu01w,167.16666666666666,4.666666666666667,96,102,3488,2,721,331,377,234,18,7,0.20670871559633028,0.09489678899082568,0.1080848623853211,0
bibbyje01w,9.0,1.0,20,12,69,1,19,5,11,3,0,7,0.2753623188405797,0.07246376811594203,0.15942028985507245,0
bibrzag01w,124.0,7.0,9,25,465,0,159,28,40,21,7,7,0.3419354838709677,0.060215053763440864,0.08602150537634409,0
birdsu01w,454.75,3.25,75,59,4413,3,1684,374,772,183,15,7,0.38159981871742576,0.08474960344436891,0.17493768411511443,1
bjorkte01w,-1.0,5.0,16,18,13,0,2,0,0,0,0,7,0.15384615384615385,0.0,0.0,0
blackde01w,228.0,3.8,84,80,3385,3,595,428,451,238,10,7,0.1757754800590842,0.12644017725258494,0.13323485967503693,0
blodgci01w,28.5,2.5,41,23,205,2,86,18,9,14,2,7,0.4195121951219512,0.08780487804878048,0.04390243902439024,0
blueoc01w,19.0,4.0,33,35,192,1,48,23,7,1,0,7,0.25,0.11979166666666667,0.036458333333333336,0
boltoru01w,206.8,3.6,92,72,3177,4,1260,399,215,163,6,7,0.39660056657223797,0.125590179414542,0.06767390620081838,0
bonfisu01w,107.0,7.0,11,21,306,0,105,37,23,12,0,7,0.3431372549019608,0.12091503267973856,0.07516339869281045,0
boydca01w,66.0,7.0,10,22,230,0,75,26,14,11,2,7,0.32608695652173914,0.11304347826086956,0.06086956521739131,0
braxtka01w,180.0,4.0,16,18,455,1,227,100,14,18,13,7,0.4989010989010989,0.21978021978021978,0.03076923076923077,0
brazian01w,91.0,7.0,18,46,544,0,178,111,12,14,13,7,0.3272058823529412,0.20404411764705882,0.022058823529411766,0
bristre01w,0.0,4.0,18,14,5,1,0,2,0,0,0,7,0.0,0.4,0.0,0
brogami01w,288.0,4.0,20,12,725,1,211,111,49,30,6,7,0.2910344827586207,0.15310344827586206,0.06758620689655172,0
brondsa01w,216.66666666666666,4.666666666666667,53,45,2588,1,910,147,178,85,10,7,0.3516228748068006,0.05680061823802164,0.0687789799072643,0
brownco01w,74.66666666666667,4.333333333333333,52,50,943,1,296,77,75,29,5,7,0.3138918345705196,0.0816542948038176,0.07953340402969247,0
browned01w,169.25,6.75,41,89,2492,0,658,342,279,112,26,7,0.2640449438202247,0.13723916532905298,0.11195826645264847,0
brownki01w,42.2,4.4,78,90,780,3,194,95,78,34,3,7,0.24871794871794872,0.12179487179487179,0.1,0
brownru01w,230.75,3.0,67,63,2390,3,739,414,124,132,41,7,0.3092050209205021,0.17322175732217573,0.05188284518828452,0
brumfma01w,75.0,3.6666666666666665,53,45,983,2,186,95,88,43,3,7,0.18921668362156663,0.09664292980671414,0.08952187182095625,0
brungje01w,34.0,1.0,44,24,361,2,52,43,29,4,4,7,0.1440443213296399,0.11911357340720222,0.08033240997229917,0
brunsre01w,248.0,2.5,43,25,1216,2,416,309,35,51,28,7,0.34210526315789475,0.25411184210526316,0.028782894736842105,0
bullevi01w,427.6666666666667,5.0,41,55,3120,2,891,600,136,171,142,7,0.28557692307692306,0.19230769230769232,0.04358974358974359,0
burgean01w,186.66666666666666,6.0,36,62,2204,1,380,217,293,87,7,7,0.1724137931034483,0.0984573502722323,0.13294010889292196,0
burgeli01w,13.0,3.0,21,11,41,1,12,17,2,1,0,7,0.2926829268292683,0.4146341463414634,0.04878048780487805,0
burraal01w,168.5,6.0,55,75,1489,0,632,341,28,23,22,7,0.4244459368703828,0.229012760241773,0.01880456682337139,0
burseja01w,188.8,4.4,80,86,2324,3,817,505,73,64,132,7,0.3515490533562823,0.21729776247848537,0.03141135972461274,0
buttsta01w,97.0,3.0,18,16,423,1,76,62,25,13,7,7,0.17966903073286053,0.14657210401891252,0.0591016548463357,0
byearla01w,238.75,1.5,98,32,1818,4,688,467,65,91,24,7,0.37843784378437845,0.2568756875687569,0.035753575357535754,0
campbed01w,105.83333333333333,5.0,84,114,2680,3,875,223,184,72,20,7,0.32649253731343286,0.0832089552238806,0.06865671641791045,0
campbmi01w,4.0,4.0,14,18,22,1,6,2,1,0,1,7,0.2727272727272727,0.09090909090909091,0.045454545454545456,0
cantydo01w,208.66666666666666,5.166666666666667,85,113,4449,2,1233,514,456,184,14,7,0.27714093054619016,0.11553158013036638,0.10249494268374916,0
careyja01w,17.0,1.0,26,8,86,1,18,6,7,2,0,7,0.20930232558139536,0.06976744186046512,0.08139534883720931,0
carteam01w,1.5,3.0,35,33,26,2,1,6,0,2,0,7,0.038461538461538464,0.23076923076923078,0.0,0
cashsw01w,432.5,4.0,67,67,3739,3,1667,711,383,136,89,7,0.44584113399304626,0.1901577962021931,0.10243380583043595,0
cassija01w,52.0,6.0,13,19,175,0,74,23,9,5,2,7,0.4228571428571429,0.13142857142857142,0.05142857142857143,0
castriz01w,90.66666666666667,5.0,43,57,1239,1,404,126,65,31,5,7,0.32606941081517354,0.1016949152542373,0.052461662631154156,0
catchta01w,693.0,4.25,68,66,4700,2,2334,1061,490,323,132,7,0.49659574468085105,0.22574468085106383,0.10425531914893617,1
caufila01w,15.0,3.0,20,12,65,1,19,5,1,7,0,7,0.2923076923076923,0.07692307692307693,0.015384615384615385,0
chapmji01w,27.0,8.0,9,23,119,0,22,26,0,3,2,7,0.18487394957983194,0.2184873949579832,0.0,0
choneka01w,15.5,4.5,33,35,176,1,42,23,5,2,4,7,0.23863636363636365,0.13068181818181818,0.028409090909090908,0
chriska01w,135.25,6.0,52,82,1587,0,394,297,61,77,41,7,0.24826717076244487,0.18714555765595464,0.03843730308758664,0
chrissh01w,202.0,2.5,36,32,1369,2,502,160,64,42,28,7,0.366691015339664,0.1168736303871439,0.04674945215485756,0
clearmi01w,82.0,4.5,33,31,558,1,59,40,86,36,2,7,0.1057347670250896,0.07168458781362007,0.15412186379928317,0
clinest01w,45.333333333333336,4.333333333333333,50,46,465,2,103,38,80,14,2,7,0.221505376344086,0.08172043010752689,0.17204301075268819,0
cokermo01w,5.0,1.0,25,9,14,1,3,1,3,0,1,7,0.21428571428571427,0.07142857142857142,0.21428571428571427,0
colemco01w,31.0,3.0,18,16,141,1,36,22,1,8,2,7,0.2553191489361702,0.15602836879432624,0.0070921985815602835,0
colleka01w,71.0,4.5,33,31,994,1,290,70,57,29,8,7,0.2917505030181087,0.07042253521126761,0.05734406438631791,0
consuca01w,4.0,3.0,19,13,50,1,2,6,10,4,0,7,0.04,0.12,0.2,0
coopeca01w,27.5,1.5,39,25,170,2,53,27,4,4,7,7,0.31176470588235294,0.1588235294117647,0.023529411764705882,0
coopecy01w,283.0,2.0,47,19,1229,2,614,95,178,43,7,7,0.49959316517493896,0.07729861676159479,0.14483319772172498,1
crawlsy01w,285.75,6.25,49,81,3234,0,1050,627,154,84,106,7,0.3246753246753247,0.19387755102040816,0.047619047619047616,0
crockda01w,22.0,3.0,20,12,84,1,29,13,2,0,2,7,0.34523809523809523,0.15476190476190477,0.023809523809523808,0
cunnibe01w,28.0,4.0,14,18,198,1,59,21,12,2,0,7,0.29797979797979796,0.10606060606060606,0.06060606060606061,0
cunnida01w,-2.0,5.0,16,16,21,0,0,2,0,2,0,7,0.0,0.09523809523809523,0.0,0
curryed01w,32.0,5.5,25,43,318,1,56,22,36,16,1,7,0.1761006289308176,0.06918238993710692,0.11320754716981132,0
dalesst01w,271.6666666666667,4.666666666666667,43,57,2585,2,897,246,276,65,19,7,0.3470019342359768,0.09516441005802707,0.10676982591876209,0
daleygr01w,58.0,4.25,68,62,856,2,263,105,86,23,3,7,0.3072429906542056,0.12266355140186916,0.10046728971962617,0
darlihe01w,181.0,3.2,80,86,3473,4,739,340,500,181,19,7,0.21278433630866686,0.0978980708321336,0.14396775122372588,0
deforan01w,334.0,5.5,55,79,3781,0,1471,389,306,170,31,7,0.3890505157365776,0.10288283522877546,0.08093097064268712,0
derevje01w,39.5,1.0,44,24,499,2,43,39,54,19,2,7,0.08617234468937876,0.0781563126252505,0.10821643286573146,0
desouer01w,8.0,1.0,25,7,41,1,12,14,2,3,0,7,0.2926829268292683,0.34146341463414637,0.04878048780487805,0
dickeke01w,105.0,4.5,34,30,797,1,142,142,60,37,2,7,0.178168130489335,0.178168130489335,0.07528230865746549,0
dillata01w,14.0,6.666666666666667,28,74,424,0,87,35,37,13,5,7,0.20518867924528303,0.08254716981132075,0.08726415094339622,0
dixonta01w,305.6666666666667,1.5,147,51,5327,6,1880,585,607,190,30,7,0.35291909142106254,0.10981790876666041,0.11394781302797072,0
donapbe01w,65.5,4.0,34,34,481,1,131,71,16,11,8,7,0.27234927234927236,0.14760914760914762,0.033264033264033266,0
dossaci01w,126.0,4.333333333333333,45,51,1145,1,335,165,50,23,81,7,0.2925764192139738,0.14410480349344978,0.043668122270742356,0
douglka01w,320.4,3.0,91,75,4230,3,1476,554,332,215,48,7,0.34893617021276596,0.1309692671394799,0.07848699763593381,0
dydekma01w,455.6666666666667,4.166666666666667,104,94,4900,3,1893,1294,342,115,535,7,0.3863265306122449,0.2640816326530612,0.06979591836734694,0
edwarmi01w,29.666666666666668,6.0,33,63,485,1,143,38,45,15,5,7,0.2948453608247423,0.07835051546391752,0.09278350515463918,0
edwarsi01w,184.33333333333334,4.833333333333333,91,107,3184,3,936,625,91,83,56,7,0.29396984924623115,0.19629396984924624,0.02858040201005025,0
edwarte01w,235.0,3.5,36,32,1551,2,375,195,227,88,19,7,0.24177949709864605,0.12572533849129594,0.1463571889103804,0
edwarto01w,121.25,3.75,69,59,1809,3,644,179,130,71,18,7,0.3559977888336097,0.09894969596462133,0.07186290768380321,0
elysh01w,115.0,7.0,7,27,528,0,139,62,27,7,4,7,0.26325757575757575,0.11742424242424243,0.05113636363636364,0
enissh01w,145.25,4.0,62,68,1618,3,601,292,43,50,10,7,0.3714462299134734,0.18046971569839307,0.02657601977750309,0
erbsu01w,97.33333333333333,4.666666666666667,44,52,765,2,234,169,24,22,22,7,0.3058823529411765,0.22091503267973855,0.03137254901960784,0
fallotr01w,288.0,5.0,13,19,841,0,322,77,33,35,12,7,0.38287752675386444,0.09155766944114149,0.039239001189060645,0
farriba01w,113.83333333333333,4.666666666666667,91,107,2641,3,645,462,83,51,22,7,0.24422567209390383,0.17493373722074973,0.03142748958727755,0
feastal01w,280.3333333333333,3.3333333333333335,104,94,5246,4,1948,590,324,184,41,7,0.3713305375524209,0.11246664125047655,0.06176134197483797,0
feifesu01w,4.0,1.0,25,9,24,1,7,1,3,0,0,7,0.2916666666666667,0.041666666666666664,0.125,0
ferdima01w,318.2,5.2,67,99,4553,2,1912,490,357,227,24,7,0.4199428947946409,0.1076213485613881,0.07840983966615418,0
ferrama01w,31.0,1.0,20,12,154,1,50,17,4,0,2,7,0.3246753246753247,0.11038961038961038,0.025974025974025976,0
figgsuk01w,280.0,2.25,92,38,3551,3,885,316,439,115,10,7,0.24922557026189807,0.08898901717825965,0.12362714728245565,0
firsool01w,9.0,1.0,20,12,19,1,12,4,1,0,1,7,0.631578947368421,0.21052631578947367,0.05263157894736842,0
floremi01w,68.0,6.0,13,19,474,0,112,23,49,23,3,7,0.23628691983122363,0.04852320675105485,0.10337552742616034,0
folklkr01w,326.0,6.0,42,54,2309,0,577,547,144,61,73,7,0.2498917280207882,0.2368990905153746,0.06236466002598527,0
fordch01w,459.6666666666667,2.6666666666666665,58,44,2800,3,986,953,87,106,102,7,0.35214285714285715,0.34035714285714286,0.031071428571428573,0
fordki01w,92.5,4.5,33,31,819,1,175,127,42,49,6,7,0.21367521367521367,0.15506715506715507,0.05128205128205128,0
fordst01w,2.0,4.0,35,29,15,1,4,3,1,0,0,7,0.26666666666666666,0.2,0.06666666666666667,0
francde01w,-1.0,1.0,20,12,2,1,0,0,0,0,0,7,0.0,0.0,0.0,0
fresest01w,64.0,5.0,18,14,222,0,62,18,17,4,0,7,0.27927927927927926,0.08108108108108109,0.07657657657657657,0
frettla01w,82.42857142857143,3.142857142857143,133,99,2096,5,606,285,95,46,45,7,0.28912213740458015,0.1359732824427481,0.04532442748091603,0
friertr01w,4.0,2.0,20,14,22,1,7,5,0,0,0,7,0.3181818181818182,0.22727272727272727,0.0,0
frohlli01w,47.0,3.5,34,32,281,1,89,49,16,8,8,7,0.3167259786476868,0.17437722419928825,0.05693950177935943,0
futreca01w,40.0,1.0,18,16,144,1,42,19,10,5,1,7,0.2916666666666667,0.13194444444444445,0.06944444444444445,0
gaithka01w,8.75,4.0,69,59,84,2,20,21,6,4,1,7,0.23809523809523808,0.25,0.07142857142857142,0
garcibe01w,2.0,8.0,9,23,64,0,8,4,9,3,0,7,0.125,0.0625,0.140625,0
gardnan01w,68.0,3.0,20,12,198,1,57,61,5,3,3,7,0.2878787878787879,0.30808080808080807,0.025252525252525252,0
garnean01w,126.0,8.0,6,26,560,0,101,98,25,27,10,7,0.18035714285714285,0.175,0.044642857142857144,0
gaydeco01w,2.0,3.0,16,16,7,1,2,0,1,0,0,7,0.2857142857142857,0.0,0.14285714285714285,0
gibsoke01w,34.75,2.5,90,40,849,4,166,77,37,18,18,7,0.1955241460541814,0.09069493521790342,0.043580683156654886,0
gilloje01w,278.0,4.25,68,62,2955,2,1347,414,138,97,72,7,0.4558375634517767,0.1401015228426396,0.046700507614213196,0
gilmous01w,1.0,7.0,9,23,21,0,2,5,2,0,0,7,0.09523809523809523,0.23809523809523808,0.09523809523809523,0
goodsad01w,293.14285714285717,4.714285714285714,103,129,5407,3,2229,988,346,176,22,7,0.41224338820048084,0.1827260958017385,0.06399112261882745,0
gortmsh01w,55.666666666666664,5.333333333333333,45,55,593,2,141,97,37,24,8,7,0.23777403035413153,0.163575042158516,0.06239460370994941,0
grecomi01w,30.0,2.0,20,14,73,1,29,10,8,3,0,7,0.3972602739726027,0.136986301369863,0.1095890410958904,0
grginve01w,33.0,1.0,81,15,485,3,151,66,25,8,2,7,0.311340206185567,0.1360824742268041,0.05154639175257732,0
griffyo01w,584.1666666666666,3.1666666666666665,117,81,5688,5,2761,1553,260,336,222,7,0.48540787623066106,0.2730309423347398,0.04571026722925457,1
groomla01w,134.2,3.6,92,72,2499,4,652,285,130,70,28,7,0.2609043617446979,0.11404561824729892,0.05202080832332933,0
grubigo01w,112.4,6.0,60,104,2125,1,729,196,205,75,3,7,0.34305882352941175,0.09223529411764705,0.09647058823529411,0
hallam01w,32.0,5.0,16,16,104,0,30,26,1,7,1,7,0.28846153846153844,0.25,0.009615384615384616,0
hallvi01w,62.0,2.5,74,54,944,3,258,143,38,23,13,7,0.2733050847457627,0.15148305084745764,0.04025423728813559,0
hammobe01w,304.5,2.5,111,87,4680,5,1964,437,477,209,7,7,0.41965811965811967,0.09337606837606838,0.10192307692307692,0
hamzoro01w,4.0,3.0,16,16,43,1,7,3,5,5,0,7,0.16279069767441862,0.06976744186046512,0.11627906976744186,0
harrido01w,5.0,7.0,9,23,67,0,8,9,5,2,1,7,0.11940298507462686,0.13432835820895522,0.07462686567164178,0
harrili01w,230.6,5.6,68,96,3699,1,932,543,174,134,15,7,0.25195998918626655,0.1467964314679643,0.047039740470397405,0
harrokr01w,119.5,6.0,54,78,1884,1,361,171,233,71,4,7,0.1916135881104034,0.09076433121019108,0.12367303609341826,0
haydeva01w,210.5,4.5,32,36,945,1,399,247,30,22,97,7,0.4222222222222222,0.2613756613756614,0.031746031746031744,0
haynikr01w,127.0,1.0,25,9,434,1,104,62,43,33,1,7,0.23963133640552994,0.14285714285714285,0.09907834101382489,0
headde01w,33.0,4.0,20,12,149,1,27,18,15,4,0,7,0.18120805369127516,0.12080536912751678,0.10067114093959731,0
hendene01w,25.0,4.0,19,13,179,1,26,21,22,6,0,7,0.1452513966480447,0.11731843575418995,0.12290502793296089,0
hendetr01w,22.0,5.5,27,39,218,1,37,48,6,4,8,7,0.16972477064220184,0.22018348623853212,0.027522935779816515,0
henniso01w,99.5,5.666666666666667,82,114,2905,2,362,266,267,160,16,7,0.12461273666092944,0.09156626506024096,0.0919104991394148,0
herriam01w,112.33333333333333,3.6666666666666665,57,39,1058,2,280,197,38,24,33,7,0.2646502835538752,0.18620037807183365,0.035916824196597356,0
hibbeka01w,50.0,8.0,6,26,240,0,53,30,18,7,1,7,0.22083333333333333,0.125,0.075,0
hicksje01w,123.8,4.6,72,92,1708,2,622,325,73,72,71,7,0.36416861826697894,0.19028103044496486,0.04274004683840749,0
hillec01w,7.5,6.5,21,43,221,0,39,23,15,6,1,7,0.17647058823529413,0.10407239819004525,0.06787330316742081,0
hledeko01w,150.0,3.0,55,41,1451,2,489,149,147,69,7,7,0.3370089593383873,0.10268780151619572,0.10130944176430048,0
hodgedo01w,108.0,2.5,42,26,914,2,221,69,93,28,9,7,0.24179431072210067,0.07549234135667396,0.10175054704595186,0
hodgero01w,23.0,3.0,19,15,188,1,33,17,7,3,0,7,0.17553191489361702,0.09042553191489362,0.03723404255319149,0
hoffmeb01w,135.0,4.0,36,32,831,1,180,184,37,36,15,7,0.21660649819494585,0.2214199759326113,0.044524669073405534,0
holdsch01w,510.1666666666667,5.0,84,114,5672,4,2996,1436,440,222,87,7,0.5282087447108603,0.2531734837799718,0.07757404795486601,0
hollake01w,245.4,3.6,93,71,4107,3,1419,358,329,216,21,7,0.34550766983199416,0.08716824933041149,0.08010713416118821,0
holmejo01w,103.0,5.0,14,18,271,0,91,45,14,11,4,7,0.33579335793357934,0.16605166051660517,0.05166051660516605,0
hopeky01w,2.0,5.0,18,14,4,0,2,2,0,0,0,7,0.5,0.5,0.0,0
irvinsa01w,59.0,5.0,16,18,122,0,44,34,5,5,6,7,0.36065573770491804,0.2786885245901639,0.040983606557377046,0
ivanyda01w,80.66666666666667,6.333333333333333,33,67,1100,0,174,108,133,51,4,7,0.15818181818181817,0.09818181818181818,0.12090909090909091,0
iveyni01w,90.0,5.0,89,111,2231,2,408,147,228,94,18,7,0.1828776333482743,0.06588973554459883,0.10219632451815329,0
jacksde01w,165.25,4.75,63,71,2182,2,698,306,133,68,32,7,0.3198900091659028,0.14023831347387716,0.06095325389550871,0
jacksgw01w,120.75,5.75,54,82,1522,0,437,309,38,21,24,7,0.2871222076215506,0.20302233902759526,0.024967148488830485,0
jacksla01w,621.0,4.2,85,81,5238,3,2853,1210,255,189,338,7,0.5446735395189003,0.23100420007636502,0.04868270332187858,1
jacksta01w,94.0,2.6666666666666665,70,26,850,3,186,165,33,37,23,7,0.2188235294117647,0.19411764705882353,0.03882352941176471,0
jacksta02w,143.16666666666666,5.5,82,116,2885,1,1006,253,382,182,6,7,0.3487001733102253,0.08769497400346621,0.13240901213171577,0
jacobam01w,97.0,4.5,32,36,869,1,222,55,115,32,4,7,0.2554660529344074,0.06329113924050633,0.1323360184119678,0
johnsad01w,183.33333333333334,3.6666666666666665,50,48,2286,2,775,194,94,56,6,7,0.33902012248468943,0.08486439195100612,0.04111986001749781,0
johnsch01w,7.0,1.0,24,10,45,1,6,6,3,0,1,7,0.13333333333333333,0.13333333333333333,0.06666666666666667,0
johnsja01w,45.0,5.0,13,19,139,0,35,23,9,4,3,7,0.2517985611510791,0.16546762589928057,0.06474820143884892,0
johnsla01w,38.2,4.6,82,82,1293,2,333,116,53,26,6,7,0.25754060324825984,0.0897138437741686,0.040989945862335654,0
johnsni01w,28.0,8.0,8,24,78,0,26,4,11,4,0,7,0.3333333333333333,0.05128205128205128,0.14102564102564102,0
johnspo01w,100.8,3.8,84,80,1550,3,373,296,58,43,31,7,0.24064516129032257,0.19096774193548388,0.03741935483870968,0
johnssh01w,373.8333333333333,5.0,79,119,6186,2,2206,668,890,281,32,7,0.3566117038473974,0.1079857743291303,0.14387326220497898,0
johnste01w,391.0,5.0,16,18,973,0,315,104,177,44,1,7,0.3237410071942446,0.10688591983556012,0.18191161356628982,0
johnsti01w,214.2,3.2,103,61,3193,4,699,643,111,51,79,7,0.21891637958033197,0.20137801440651426,0.03476354525524585,0
johnsvi01w,361.5,2.5,111,87,6174,5,2196,687,541,161,26,7,0.3556851311953353,0.11127308066083576,0.0876255264010366,0
jonesas01w,234.0,3.0,70,64,2764,3,1034,463,159,59,67,7,0.374095513748191,0.1675108538350217,0.05752532561505065,0
jonesch01w,93.0,4.333333333333333,47,55,1007,2,313,98,98,44,10,7,0.31082423038728896,0.09731876861966236,0.09731876861966236,0
jonesja01w,8.0,6.0,13,19,233,0,68,22,10,8,0,7,0.2918454935622318,0.0944206008583691,0.04291845493562232,0
jonesla01w,11.0,8.0,8,24,54,0,19,5,2,0,1,7,0.35185185185185186,0.09259259259259259,0.037037037037037035,0
jonesme01w,272.8,3.4,83,81,4229,4,1491,645,245,143,15,7,0.3525656183494916,0.15251832584535352,0.05793331756916529,0
kingbsu01w,4.0,6.0,14,20,17,0,3,1,1,0,1,7,0.17647058823529413,0.058823529411764705,0.058823529411764705,0
kingija01w,76.0,5.0,44,56,768,1,192,77,87,36,10,7,0.25,0.10026041666666667,0.11328125,0
klimezu01w,1.5,4.5,32,34,42,1,7,5,2,1,1,7,0.16666666666666666,0.11904761904761904,0.047619047619047616,0
koehnla01w,87.0,5.0,16,18,230,0,113,11,10,2,0,7,0.49130434782608695,0.04782608695652174,0.043478260869565216,0
korstil01w,12.0,5.0,13,19,75,0,21,11,5,3,0,7,0.28,0.14666666666666667,0.06666666666666667,0
kostita01w,4.0,6.0,13,19,46,0,7,5,4,2,0,7,0.15217391304347827,0.10869565217391304,0.08695652173913043,0
kraayca01w,63.0,3.0,18,16,196,1,69,27,5,4,8,7,0.3520408163265306,0.1377551020408163,0.025510204081632654,0
kubikni01w,6.0,4.5,33,31,40,1,8,4,7,4,0,7,0.2,0.1,0.175,0
lacyve01w,4.0,1.0,20,12,18,1,6,5,0,0,0,7,0.3333333333333333,0.2777777777777778,0.0,0
lambesh01w,67.75,3.25,72,62,1143,3,319,116,126,40,5,7,0.279090113735783,0.10148731408573929,0.11023622047244094,0
lambmo01w,41.0,2.0,27,5,140,1,26,26,3,2,4,7,0.18571428571428572,0.18571428571428572,0.02142857142857143,0
lassiam01w,134.16666666666666,4.0,110,88,2897,4,662,417,193,107,94,7,0.2285122540559199,0.14394200897480153,0.06662064204349327,0
lawsoed01w,5.5,3.0,37,31,126,2,27,9,4,2,1,7,0.21428571428571427,0.07142857142857142,0.031746031746031744,0
lawsoka01w,230.33333333333334,2.6666666666666665,62,40,2104,3,749,217,161,49,16,7,0.35598859315589354,0.10313688212927756,0.07652091254752852,0
lazicka01w,6.0,2.0,21,11,55,1,17,6,3,3,0,7,0.3090909090909091,0.10909090909090909,0.05454545454545454,0
lennobe01w,226.14285714285714,4.857142857142857,109,121,4224,3,1965,693,329,176,30,7,0.46519886363636365,0.1640625,0.07788825757575757,0
leslili01w,641.1666666666666,1.5,147,51,6159,6,3238,1741,437,259,467,7,0.5257346971911024,0.2826757590517941,0.07095307679818152,1
levanni01w,22.0,1.0,28,4,67,1,20,9,7,5,1,7,0.29850746268656714,0.13432835820895522,0.1044776119402985,0
lewista01w,26.0,4.0,17,15,57,1,18,24,3,2,0,7,0.3157894736842105,0.42105263157894735,0.05263157894736842,0
lewisty01w,78.5,4.166666666666667,97,103,1671,3,522,195,108,57,24,7,0.3123877917414722,0.11669658886894076,0.06463195691202872,0
lloydan01w,83.0,6.0,15,17,333,0,75,43,22,12,2,7,0.22522522522522523,0.12912912912912913,0.06606606606606606,0
lobore01w,35.666666666666664,2.3333333333333335,63,35,514,3,110,89,18,9,20,7,0.2140077821011673,0.17315175097276264,0.03501945525291829,0
lovelst01w,121.25,6.25,48,84,1517,1,505,262,76,63,27,7,0.3328938694792353,0.17270929466051418,0.05009887936717205,0
luckepa01w,2.0,5.0,13,19,8,0,0,1,1,0,1,7,0.0,0.125,0.125,0
luzhe01w,124.66666666666667,6.0,36,62,1128,1,410,79,124,52,12,7,0.36347517730496454,0.0700354609929078,0.1099290780141844,0
lyttlsa01w,222.0,3.0,19,15,460,1,140,125,17,20,3,7,0.30434782608695654,0.2717391304347826,0.03695652173913044,0
mabikmw01w,366.1666666666667,1.5,147,51,5192,6,2231,766,463,216,59,7,0.4296995377503852,0.1475346687211094,0.08917565485362096,0
macchla01w,102.0,2.5,42,26,558,2,215,79,21,29,7,7,0.38530465949820786,0.14157706093189965,0.03763440860215054,0
machacl01w,167.0,3.3333333333333335,62,34,1429,2,411,257,52,41,24,7,0.28761371588523443,0.17984604618614417,0.0363890832750175,0
mahonsh01w,17.0,4.0,31,33,171,1,32,32,5,2,1,7,0.1871345029239766,0.1871345029239766,0.029239766081871343,0
maigaha01w,83.5,3.5,76,58,1275,3,351,212,78,86,17,7,0.2752941176470588,0.16627450980392156,0.0611764705882353,0
malcona01w,161.5,5.0,26,38,1304,1,413,152,47,26,6,7,0.31671779141104295,0.1165644171779141,0.036042944785276074,0
malloso01w,14.0,7.0,8,26,44,0,10,10,0,1,4,7,0.22727272727272727,0.22727272727272727,0.0,0
mannish01w,148.0,6.0,13,19,403,0,103,100,17,23,4,7,0.2555831265508685,0.24813895781637718,0.04218362282878412,0
mannkr01w,84.0,6.0,14,20,185,0,71,35,11,8,1,7,0.3837837837837838,0.1891891891891892,0.05945945945945946,0
mapprh01w,228.33333333333334,3.3333333333333335,60,38,1506,2,545,352,84,53,36,7,0.3618857901726428,0.2337317397078353,0.055776892430278883,0
marcimi01w,115.33333333333333,6.333333333333333,37,59,1209,1,381,125,158,78,10,7,0.315136476426799,0.10339123242349049,0.130686517783292,0
martima01w,129.5,6.0,27,37,950,0,227,153,40,34,28,7,0.23894736842105263,0.16105263157894736,0.042105263157894736,0
martinu01w,-1.0,6.0,14,20,2,0,0,0,0,0,0,7,0.0,0.0,0.0,0
mascira01w,69.0,2.5,42,26,579,2,150,52,31,16,1,7,0.25906735751295334,0.08981001727115717,0.0535405872193437,0
matteca01w,7.0,6.0,6,28,56,0,9,3,6,1,0,7,0.16071428571428573,0.05357142857142857,0.10714285714285714,0
maxwemo01w,154.0,5.666666666666667,35,61,1437,1,414,229,84,61,23,7,0.2881002087682672,0.1593597773138483,0.05845511482254697,0
mazzake01w,49.0,5.5,22,46,565,0,143,64,16,16,2,7,0.25309734513274335,0.11327433628318584,0.02831858407079646,0
mccaibr01w,65.0,7.0,10,22,392,0,83,26,41,11,3,7,0.21173469387755103,0.0663265306122449,0.10459183673469388,0
mccaiti01w,35.666666666666664,4.333333333333333,45,51,707,1,155,52,43,16,9,7,0.21923620933521923,0.07355021216407355,0.06082036775106082,0
mccarja01w,92.0,6.0,6,28,311,0,50,76,11,12,7,7,0.1607717041800643,0.24437299035369775,0.03536977491961415,0
mccarst01w,175.75,6.0,50,82,2166,0,684,184,225,115,31,7,0.3157894736842105,0.08494921514312095,0.1038781163434903,0
mcconsu01w,201.0,2.0,17,15,705,1,173,50,119,15,1,7,0.2453900709219858,0.07092198581560284,0.16879432624113475,0
mccrani01w,173.0,5.5,80,118,4339,2,1455,309,280,154,10,7,0.33533072136436964,0.07121456556810325,0.06453099792578935,0
mccrini01w,108.0,1.0,105,25,1493,4,284,96,213,91,12,7,0.19022103148024114,0.06430006697923643,0.14266577361018085,0
mcculda01w,48.0,5.5,54,76,615,1,207,107,25,17,24,7,0.33658536585365856,0.17398373983739837,0.04065040650406504,0
mcgheca01w,36.0,4.333333333333333,45,51,483,1,106,75,23,22,6,7,0.2194616977225673,0.15527950310559005,0.047619047619047616,0
mckivte01w,112.33333333333333,4.333333333333333,40,62,780,1,253,174,13,30,48,7,0.3243589743589744,0.2230769230769231,0.016666666666666666,0
mcwilta01w,462.1666666666667,3.0,107,91,5739,4,2189,1269,313,258,198,7,0.38142533542428997,0.2211186617877679,0.054539118313295,0
melvich01w,377.8333333333333,3.8333333333333335,99,99,5650,4,2172,1065,282,155,106,7,0.38442477876106196,0.18849557522123894,0.04991150442477876,0
mendigi01w,11.0,4.0,18,16,39,1,10,5,3,0,0,7,0.2564102564102564,0.1282051282051282,0.07692307692307693,0
miaomi01w,18.0,1.0,25,9,135,1,31,4,13,5,1,7,0.22962962962962963,0.02962962962962963,0.0962962962962963,0
milleco01w,208.6,5.4,69,97,3254,2,1058,374,263,122,15,7,0.3251382913337431,0.11493546404425323,0.08082360172095882,0
milleke01w,220.6,3.2,90,76,3455,4,1151,343,297,126,10,7,0.33314037626628074,0.09927641099855282,0.08596237337192475,0
millsta01w,73.5,5.25,53,77,816,2,252,243,22,29,14,7,0.3088235294117647,0.2977941176470588,0.02696078431372549,0
miltode01w,402.6666666666667,1.6666666666666667,146,52,5646,5,2066,1056,334,272,162,7,0.3659227771873893,0.18703506907545164,0.05915692525681899,0
moisead01w,109.5,6.0,24,40,742,0,234,76,96,36,3,7,0.31536388140161725,0.10242587601078167,0.1293800539083558,0
mooreja01w,40.0,4.0,16,16,128,1,42,29,3,5,1,7,0.328125,0.2265625,0.0234375,0
mooreje01w,7.5,5.0,23,45,158,1,11,13,3,4,0,7,0.06962025316455696,0.08227848101265822,0.0189873417721519,0
moorelo01w,34.0,3.0,18,16,182,1,22,27,19,10,0,7,0.12087912087912088,0.14835164835164835,0.1043956043956044,0
mooreta01w,70.83333333333333,5.0,93,107,1347,2,371,146,159,65,24,7,0.27542687453600595,0.10838901262063845,0.11804008908685969,0
moosca01w,0.0,6.0,15,17,6,0,0,0,0,0,1,7,0.0,0.0,0.0,0
moweje01w,2.0,4.333333333333333,51,47,54,1,7,5,0,0,2,7,0.12962962962962962,0.09259259259259259,0.0,0
mulitna01w,86.0,5.0,18,14,291,0,99,34,6,4,6,7,0.3402061855670103,0.11683848797250859,0.020618556701030927,0
nagyan01w,100.66666666666667,4.0,49,47,1316,2,165,101,215,29,15,7,0.12537993920972645,0.07674772036474165,0.16337386018237082,0
ndiayas01w,207.8,5.4,73,91,2701,1,1029,545,133,66,66,7,0.3809700111069974,0.20177711958533875,0.04924102184376157,0
nemcoev01w,85.5,1.5,39,25,556,2,219,51,31,17,13,7,0.39388489208633093,0.09172661870503597,0.05575539568345324,0
nevescl01w,90.66666666666667,6.0,39,57,1237,0,311,71,118,60,1,7,0.2514147130153597,0.05739692805173808,0.09539207760711399,0
newtoch01w,162.0,1.0,25,9,715,1,148,66,55,24,9,7,0.206993006993007,0.09230769230769231,0.07692307692307693,0
ngoyibe01w,64.0,4.0,25,41,263,1,117,66,5,5,4,7,0.4448669201520912,0.2509505703422053,0.019011406844106463,0
nieuwma01w,3.0,4.0,17,17,16,1,4,2,0,0,0,7,0.25,0.125,0.0,0
nolande01w,323.0,4.6,77,89,4654,3,1853,537,408,206,58,7,0.39815212720240656,0.11538461538461539,0.08766652342071336,0
nygaava01w,125.75,5.25,60,70,1713,1,490,242,54,37,8,7,0.28604786923525977,0.14127262113251604,0.03152364273204904,0
ohldeni01w,421.0,4.5,32,36,2056,1,779,388,138,37,67,7,0.3788910505836576,0.188715953307393,0.06712062256809338,0
owenhe01w,7.0,4.0,14,18,60,1,2,9,2,0,0,7,0.03333333333333333,0.15,0.03333333333333333,0
owenssh01w,64.5,4.0,31,33,611,1,131,99,21,11,26,7,0.2144026186579378,0.16202945990180032,0.03436988543371522,0
pagemu01w,278.6666666666667,5.166666666666667,83,115,5033,3,1252,915,252,125,132,7,0.2487581959070137,0.18180011921319292,0.05006954102920723,0
paigeyo01w,17.0,2.0,21,13,78,1,16,9,13,2,0,7,0.20512820512820512,0.11538461538461539,0.16666666666666666,0
palmewe01w,276.57142857142856,5.142857142857143,92,138,4631,2,1810,1043,182,132,37,7,0.39084431008421505,0.22522133448499243,0.039300367091340965,0
pavlimi01w,6.0,5.0,27,39,50,1,7,10,2,1,2,7,0.14,0.2,0.04,0
payeka01w,84.66666666666667,5.333333333333333,44,52,1174,1,168,98,140,32,6,7,0.14310051107325383,0.08347529812606473,0.11925042589437819,0
penicti01w,330.0,3.1666666666666665,117,81,5519,5,1132,595,1141,347,24,7,0.205109621308208,0.10780938575828955,0.20674035151295525,0
pennjo01w,48.5,7.0,18,50,291,0,90,53,16,15,1,7,0.30927835051546393,0.18213058419243985,0.054982817869415807,0
perkiji01w,68.5,5.5,22,46,481,0,153,47,33,32,9,7,0.3180873180873181,0.09771309771309772,0.06860706860706861,0
pettibr01w,109.0,4.5,65,65,1603,2,523,178,121,71,9,7,0.32626325639426074,0.11104179663131628,0.07548346849656894,0
phillta01w,344.0,2.5,112,86,4746,5,1937,1156,189,246,98,7,0.4081331647703329,0.24357353560893383,0.03982300884955752,0
pierspl01w,154.0,5.25,57,79,2167,1,758,332,82,69,49,7,0.34979233964005535,0.15320719889247808,0.03784033225657591,0
potthan01w,1.0,6.0,15,17,8,0,0,2,1,0,0,7,0.0,0.25,0.125,0
powelel01w,208.71428571428572,4.142857142857143,112,118,4476,4,1257,513,570,214,41,7,0.2808310991957105,0.1146112600536193,0.12734584450402145,0
powelni01w,246.5,3.0,41,27,1372,1,496,195,78,54,20,7,0.36151603498542273,0.14212827988338192,0.056851311953352766,0
pridely01w,105.2,5.2,74,90,1858,2,425,333,112,72,55,7,0.22874058127018299,0.17922497308934338,0.060279870828848225,0
quinnte01w,30.0,7.0,9,23,118,0,15,16,15,4,0,7,0.1271186440677966,0.13559322033898305,0.1271186440677966,0
radunha01w,6.0,2.0,21,11,9,1,4,4,0,0,1,7,0.4444444444444444,0.4444444444444444,0.0,0
raglafe01w,66.75,5.0,57,77,997,2,264,117,64,54,4,7,0.26479438314944836,0.11735205616850551,0.0641925777331996,0
randase01w,100.6,5.6,68,96,2278,2,716,307,124,86,10,7,0.31431079894644426,0.13476733977172958,0.05443371378402107,0
rasmukr01w,156.75,5.0,122,142,3610,2,876,612,220,113,89,7,0.24265927977839336,0.16952908587257617,0.060941828254847646,0
reddja01w,108.33333333333333,6.666666666666667,33,63,1158,1,423,140,71,38,4,7,0.36528497409326427,0.12089810017271158,0.0613126079447323,0
reedbr01w,217.33333333333334,5.333333333333333,44,52,1188,1,649,194,90,68,24,7,0.5462962962962963,0.1632996632996633,0.07575757575757576,0
reidtr01w,96.0,6.25,47,83,1331,1,406,215,57,53,16,7,0.30503380916604056,0.1615326821938392,0.04282494365138993,0
rileyru01w,319.0,3.4,93,73,4205,4,1322,776,204,115,244,7,0.3143876337693222,0.1845422116527943,0.04851367419738407,0
rizzoje01w,129.75,3.5,76,54,2133,3,416,178,245,77,7,7,0.19503047351148617,0.08345053914674168,0.11486169714017816,0
robinas01w,98.5,5.0,33,35,789,0,120,131,33,28,44,7,0.1520912547528517,0.16603295310519645,0.04182509505703422,0
robincr01w,314.3333333333333,2.5,111,87,5707,5,1926,505,391,188,56,7,0.33748028736639213,0.08848782197301559,0.06851235325039426,0
robinre01w,3.0,4.0,14,18,5,1,4,0,0,1,0,7,0.8,0.0,0.0,0
rolanja01w,17.0,3.0,16,16,173,1,33,17,8,6,0,7,0.1907514450867052,0.09826589595375723,0.046242774566473986,0
salesny01w,426.1666666666667,3.0,107,91,6352,4,2891,835,450,359,56,7,0.455132241813602,0.13145465994962216,0.07084382871536524,0
sampsch01w,109.0,8.0,6,26,280,0,76,40,11,18,6,7,0.2714285714285714,0.14285714285714285,0.039285714285714285,0
samsh01w,351.3333333333333,4.5,92,106,6123,3,2374,850,498,294,33,7,0.3877184386738527,0.13882083945778212,0.08133268005879471,0
sanchis01w,10.0,3.0,17,17,62,1,22,5,3,2,0,7,0.3548387096774194,0.08064516129032258,0.04838709677419355,0
sanfona01w,119.66666666666667,5.333333333333333,42,60,1080,1,306,225,25,31,29,7,0.2833333333333333,0.20833333333333334,0.023148148148148147,0
santoal01w,4.5,7.5,19,45,73,0,16,19,0,0,0,7,0.2191780821917808,0.2602739726027397,0.0,0
santoke01w,48.5,7.5,19,45,322,0,96,59,12,6,12,7,0.2981366459627329,0.18322981366459629,0.037267080745341616,0
sarenra01w,55.0,4.0,20,12,142,1,64,30,8,0,1,7,0.4507042253521127,0.2112676056338028,0.056338028169014086,0
sauerpa01w,10.0,3.0,60,36,77,2,22,20,3,3,2,7,0.2857142857142857,0.2597402597402597,0.03896103896103896,0
saundja01w,68.5,6.0,24,40,555,0,167,78,30,19,12,7,0.3009009009009009,0.14054054054054055,0.05405405405405406,0
saureau01w,42.5,5.5,27,37,620,1,100,53,61,32,6,7,0.16129032258064516,0.08548387096774193,0.09838709677419355,0
schumke01w,173.8,4.6,78,88,2329,2,768,400,82,39,131,7,0.32975525976814085,0.17174753112924002,0.035208243881494204,0
schwege01w,92.66666666666667,6.0,40,58,1050,1,226,119,78,29,12,7,0.21523809523809523,0.11333333333333333,0.07428571428571429,0
scottol01w,184.6,4.2,81,83,2687,2,783,550,135,85,50,7,0.29140305173055453,0.20468924451060663,0.05024190547078526,0
shakiel01w,39.666666666666664,2.6666666666666665,64,32,358,3,96,67,13,12,4,7,0.2681564245810056,0.1871508379888268,0.036312849162011177,0
sharpkb01w,70.5,4.0,34,34,638,1,123,53,70,20,1,7,0.19278996865203762,0.08307210031347963,0.109717868338558,0
slaisma01w,4.0,5.0,14,18,7,0,4,1,0,1,0,7,0.5714285714285714,0.14285714285714285,0.0,0
slauggw01w,3.0,3.0,18,16,7,1,2,1,0,0,1,7,0.2857142857142857,0.14285714285714285,0.0,0
slavtge01w,-2.0,7.0,8,26,12,0,0,0,1,0,0,7,0.0,0.0,0.08333333333333333,0
smithai01w,105.5,5.5,26,42,825,1,219,134,25,28,21,7,0.26545454545454544,0.16242424242424242,0.030303030303030304,0
smithch02w,227.16666666666666,4.333333333333333,94,104,4683,3,1204,655,287,102,73,7,0.2571001494768311,0.13986760623531924,0.061285500747384154,0
smithch03w,61.333333333333336,7.666666666666667,24,74,1122,0,110,106,93,33,4,7,0.09803921568627451,0.0944741532976827,0.08288770053475936,0
smithje01w,-1.0,3.0,18,16,7,1,0,0,0,0,0,7,0.0,0.0,0.0,0
smithka01w,374.42857142857144,5.285714285714286,103,129,6710,3,3379,612,462,177,36,7,0.5035767511177347,0.09120715350223547,0.06885245901639345,1
smithla01w,7.0,3.0,16,16,12,1,5,2,1,2,0,7,0.4166666666666667,0.16666666666666666,0.08333333333333333,0
smithta01w,397.6666666666667,4.0,98,100,5857,4,2446,1032,267,223,254,7,0.4176199419498037,0.17619941949803652,0.04558647771896875,0
snellbe01w,78.0,5.0,16,18,226,0,65,36,18,7,1,7,0.28761061946902655,0.1592920353982301,0.07964601769911504,0
snowmi01w,389.25,3.25,76,58,3364,3,1111,846,126,95,161,7,0.33026159334126043,0.25148632580261593,0.03745541022592152,0
spornra01w,68.0,7.0,10,22,265,0,41,52,11,7,4,7,0.15471698113207547,0.19622641509433963,0.04150943396226415,0
stafftr01w,61.0,5.0,34,30,403,1,121,91,18,13,2,7,0.3002481389578164,0.22580645161290322,0.04466501240694789,0
staleda01w,271.42857142857144,4.285714285714286,103,129,6446,4,1608,390,1027,265,9,7,0.2494570276140242,0.06050263729444617,0.15932361154204158,1
starbka01w,57.4,4.2,89,73,1041,3,325,98,81,42,20,7,0.3121998078770413,0.0941402497598463,0.07780979827089338,0
stedika01w,92.5,5.5,31,33,702,1,193,74,38,27,19,7,0.27492877492877493,0.10541310541310542,0.05413105413105413,0
stepama01w,247.66666666666666,4.666666666666667,49,49,1394,1,553,329,72,67,111,7,0.396700143472023,0.23601147776183645,0.05164992826398852,0
stephst01w,8.0,3.0,17,17,36,1,4,9,3,0,0,7,0.1111111111111111,0.25,0.08333333333333333,0
stevema01w,24.0,4.5,29,39,312,1,44,41,6,8,4,7,0.14102564102564102,0.13141025641025642,0.019230769230769232,0
stileja01w,177.5,6.0,27,37,1405,0,603,95,75,28,3,7,0.4291814946619217,0.06761565836298933,0.05338078291814947,0
stinsan01w,352.3333333333333,4.166666666666667,94,104,4958,4,2028,721,459,213,63,7,0.409035901573215,0.145421540943929,0.09257765227914481,0
stiresh01w,29.666666666666668,6.666666666666667,37,59,340,0,92,47,22,14,5,7,0.27058823529411763,0.13823529411764707,0.06470588235294118,0
stockta01w,2.0,8.0,10,22,11,0,3,2,0,0,0,7,0.2727272727272727,0.18181818181818182,0.0,0
streiju01w,235.66666666666666,5.0,40,58,1817,1,553,311,128,82,53,7,0.30434782608695654,0.17116125481563016,0.07044578976334617,0
summela01w,14.0,1.0,26,8,43,1,10,10,3,2,0,7,0.23255813953488372,0.23255813953488372,0.06976744186046512,0
sun-mju01w,22.0,5.0,18,16,118,0,30,10,1,5,0,7,0.2542372881355932,0.0847457627118644,0.00847457627118644,0
suttota01w,361.8,3.8,76,90,4208,3,1507,911,70,130,233,7,0.3581273764258555,0.21649239543726237,0.016634980988593156,0
swoopsh01w,569.0,3.0,103,63,5623,4,2792,768,579,365,124,7,0.4965321003023297,0.13658189578516805,0.10296994486928686,1
tateso01w,28.0,6.0,15,17,94,0,27,13,5,3,0,7,0.2872340425531915,0.13829787234042554,0.05319148936170213,0
tauradi01w,499.5,5.0,33,35,2219,0,1105,287,282,81,53,7,0.49797205948625506,0.12933753943217666,0.1270842721946823,0
tayloli01w,5.0,5.0,17,17,26,0,3,3,2,1,1,7,0.11538461538461539,0.11538461538461539,0.07692307692307693,0
taylope01w,389.6,4.4,82,84,4295,2,1835,698,368,200,57,7,0.42724097788125726,0.16251455180442376,0.08568102444703143,0
teaslni01w,348.0,1.75,91,43,3727,4,1073,428,631,130,35,7,0.28789911456935874,0.11483767104910116,0.1693050711027636,0
thomach01w,206.5,2.5,42,26,1067,2,287,224,40,29,33,7,0.2689784442361762,0.2099343955014058,0.03748828491096532,0
thomala01w,310.0,6.0,33,69,2321,1,970,370,101,60,32,7,0.4179233089185696,0.15941404566996983,0.043515725980180955,0
thomast01w,83.25,5.0,117,149,2303,3,438,355,232,154,49,7,0.19018671298306555,0.15414676508901434,0.10073816760746852,0
thompal01w,142.4,4.2,75,89,1998,3,728,331,103,50,17,7,0.36436436436436437,0.16566566566566568,0.05155155155155155,0
thompti01w,405.8333333333333,3.1666666666666665,122,76,5597,5,2748,1074,285,153,117,7,0.49097730927282474,0.19188851170269788,0.05092013578702877,1
thorner01w,31.0,3.6666666666666665,52,50,540,2,134,33,37,12,2,7,0.24814814814814815,0.06111111111111111,0.06851851851851852,0
threaro01w,82.0,8.0,6,26,377,0,155,32,18,13,3,7,0.41114058355437666,0.08488063660477453,0.04774535809018567,0
tilliic01w,85.0,3.0,17,17,287,1,83,39,13,9,8,7,0.289198606271777,0.13588850174216027,0.04529616724738676,0
timmsmi01w,90.5,4.5,33,31,584,1,128,61,105,36,4,7,0.2191780821917808,0.10445205479452055,0.1797945205479452,0
torniel01w,318.5,6.0,24,40,1646,0,637,187,138,48,27,7,0.3869987849331713,0.11360874848116646,0.08383961117861483,0
torrele01w,-2.0,3.0,20,12,8,1,0,0,0,0,0,7,0.0,0.0,0.0,0
traviti01w,188.0,8.0,8,24,574,0,173,81,26,31,4,7,0.30139372822299654,0.14111498257839722,0.04529616724738676,0
tremich01w,74.0,7.0,9,23,318,0,50,31,51,10,1,7,0.15723270440251572,0.09748427672955975,0.16037735849056603,0
tuvicsl01w,122.25,6.0,49,83,1701,0,358,316,72,60,78,7,0.2104644326866549,0.18577307466196355,0.042328042328042326,0
udokamf01w,39.5,1.5,45,23,270,2,81,54,4,4,2,7,0.3,0.2,0.014814814814814815,0
ujhelpe01w,1.0,1.0,25,9,68,1,4,12,3,0,1,7,0.058823529411764705,0.17647058823529413,0.04411764705882353,0
umoh-it01w,0.0,2.0,20,14,6,1,0,0,1,0,0,7,0.0,0.0,0.16666666666666666,0
valdeam01w,50.0,2.0,27,5,171,1,57,21,13,8,4,7,0.3333333333333333,0.12280701754385964,0.07602339181286549,0
vangomi01w,79.2,5.6,68,96,1388,2,407,260,49,22,42,7,0.29322766570605185,0.1873198847262248,0.035302593659942365,0
vealkr01w,105.5,6.0,24,40,1019,0,187,87,166,47,6,7,0.18351324828263002,0.08537782139352307,0.16290480863591755,0
vodicka01w,284.6666666666667,5.333333333333333,87,111,4114,2,1507,851,241,145,92,7,0.3663101604278075,0.2068546426835197,0.058580456976178905,0
vodopna01w,34.0,2.0,20,14,98,1,25,20,10,3,2,7,0.25510204081632654,0.20408163265306123,0.10204081632653061,0
walkeay01w,82.2,4.4,73,95,1300,3,307,280,52,31,61,7,0.23615384615384616,0.2153846153846154,0.04,0
walkede01w,226.0,4.5,99,99,3678,3,1446,668,261,129,101,7,0.3931484502446982,0.18162044589450788,0.07096247960848287,0
walsema01w,8.0,2.5,37,27,112,2,17,23,7,2,0,7,0.15178571428571427,0.20535714285714285,0.0625,0
washico01w,126.0,3.4,102,60,2271,4,399,240,273,135,13,7,0.17569352708058125,0.10568031704095113,0.1202113606340819,0
washito01w,36.0,5.4,68,96,952,2,253,116,38,14,4,7,0.2657563025210084,0.12184873949579832,0.03991596638655462,0
wautean01w,283.8,3.0,85,79,3172,4,1212,607,173,76,89,7,0.38209331651954603,0.19136191677175285,0.054539722572509455,0
weathte01w,263.6,2.2,100,64,4122,4,635,439,770,202,18,7,0.15405143134400776,0.10650169820475497,0.18680252304706454,0
webbum01w,25.0,6.0,13,19,195,0,43,14,14,7,4,7,0.2205128205128205,0.07179487179487179,0.07179487179487179,0
weckeke01w,2.0,7.0,7,27,11,0,4,0,2,1,0,7,0.36363636363636365,0.0,0.18181818181818182,0
whaleli01w,402.5,1.0,44,24,1993,2,686,218,320,81,2,7,0.34420471650777723,0.10938283993978926,0.16056196688409433,0
whitede01w,91.0,2.5,36,32,510,2,98,140,9,12,13,7,0.19215686274509805,0.27450980392156865,0.01764705882352941,0
whiteta01w,135.0,2.0,21,13,693,1,242,53,53,30,7,7,0.3492063492063492,0.07647907647907648,0.07647907647907648,0
whitiva01w,56.5,7.0,22,42,514,0,101,92,21,17,16,7,0.19649805447470817,0.17898832684824903,0.04085603112840467,0
whitmta01w,263.8333333333333,2.5,117,81,4753,5,1717,714,146,141,111,7,0.3612455291394909,0.15022091310751104,0.030717441615821586,0
whittje01w,-4.0,8.0,10,22,20,0,0,1,0,0,1,7,0.0,0.05,0.0,0
wickssu01w,212.66666666666666,1.3333333333333333,59,37,1710,3,379,388,72,84,84,7,0.2216374269005848,0.22690058479532163,0.042105263157894736,0
widemja01w,0.0,7.0,10,22,35,0,0,4,2,2,0,7,0.0,0.11428571428571428,0.05714285714285714,0
williad01w,167.0,5.833333333333333,78,120,2883,1,805,667,106,153,63,7,0.2792230315643427,0.23135622615331253,0.036767256330211585,0
willian01w,36.0,5.0,16,18,149,0,40,23,9,4,7,7,0.2684563758389262,0.15436241610738255,0.06040268456375839,0
willibe01w,0.0,7.0,9,23,3,0,0,0,0,0,0,7,0.0,0.0,0.0,0
willile01w,54.0,1.0,44,24,266,2,92,60,10,10,2,7,0.3458646616541353,0.22556390977443608,0.03759398496240601,0
willile02w,10.0,8.0,9,23,177,0,73,19,4,4,0,7,0.4124293785310734,0.10734463276836158,0.022598870056497175,0
willina01w,489.0,4.0,109,89,5925,3,2390,1575,283,232,100,7,0.40337552742616034,0.26582278481012656,0.047763713080168774,0
williri01w,187.8,4.8,77,85,3006,2,949,264,306,194,16,7,0.3157019294743846,0.08782435129740519,0.10179640718562874,0
willish01w,61.0,1.0,24,10,229,1,49,32,19,6,0,7,0.21397379912663755,0.13973799126637554,0.08296943231441048,0
willita01w,68.0,7.0,10,22,174,0,80,17,13,8,2,7,0.45977011494252873,0.09770114942528736,0.07471264367816093,0
willito01w,109.0,7.0,9,25,417,0,55,39,43,35,5,7,0.13189448441247004,0.09352517985611511,0.10311750599520383,0
williwe01w,9.0,1.0,28,4,47,1,17,5,3,1,0,7,0.3617021276595745,0.10638297872340426,0.06382978723404255,0
wilsoam01w,1.0,4.0,20,12,9,1,2,1,1,0,0,7,0.2222222222222222,0.1111111111111111,0.1111111111111111,0
witheso01w,187.0,4.0,70,60,2516,2,1128,227,155,88,18,7,0.4483306836248013,0.09022257551669316,0.06160572337042925,0
wolteka01w,201.33333333333334,5.0,43,53,1249,1,545,261,59,16,77,7,0.4363490792634107,0.20896717373899118,0.04723779023218575,0
wolvean01w,1.0,1.0,22,10,5,1,2,1,0,0,0,7,0.4,0.2,0.0,0
wrighsh01w,74.5,5.0,33,35,589,0,151,77,31,17,4,7,0.2563667232597623,0.1307300509337861,0.05263157894736842,0
wrighta01w,144.0,2.0,20,14,528,1,122,57,53,18,3,7,0.23106060606060605,0.10795454545454546,0.10037878787878787,0
wyckobr01w,183.0,3.5,73,59,2513,2,450,453,139,91,61,7,0.17906884202148826,0.1802626343016315,0.055312375646637484,0
wynneda01w,4.0,2.0,20,12,3,1,2,1,0,0,1,7,0.6666666666666666,0.3333333333333333,0.0,0
yamasli01w,28.5,6.0,31,35,295,0,68,27,18,8,1,7,0.2305084745762712,0.09152542372881356,0.061016949152542375,0
yilmane01w,9.0,7.0,17,51,111,0,33,13,4,3,1,7,0.2972972972972973,0.11711711711711711,0.036036036036036036,0
youngca01w,60.0,6.0,27,37,465,0,194,48,27,18,1,7,0.4172043010752688,0.1032258064516129,0.05806451612903226,0
zakalok01w,33.333333333333336,6.666666666666667,34,62,305,0,97,49,2,5,14,7,0.3180327868852459,0.16065573770491803,0.006557377049180328,0
zarafr01w,101.0,2.0,20,14,413,1,90,39,51,16,1,7,0.2179176755447942,0.09443099273607748,0.1234866828087167,0
zirkozu01w,10.0,7.0,9,25,30,0,11,2,1,0,0,7,0.36666666666666664,0.06666666666666667,0.03333333333333333,0
