playerID,year,stint,tmID,lgID,GP,GS,minutes,points,oRebounds,dRebounds,rebounds,assists,steals,blocks,turnovers,PF,fgAttempted,fgMade,ftAttempted,ftMade,threeAttempted,threeMade,dq,PostGP,PostGS,PostMinutes,PostPoints,PostoRebounds,PostdRebounds,PostRebounds,PostAssists,PostSteals,PostBlocks,PostTurnovers,PostPF,PostfgAttempted,PostfgMade,PostftAttempted,PostftMade,PostthreeAttempted,PostthreeMade,PostDQ
abrossv01w,8,0,MIN,WNBA,34,29,843,345,53,97,150,85,44,4,68,86,298,132,43,36,101,45,0,0,0,0,0,0,0,0,0,0,0,0,0,0,0,0,0,0,0,0
anderch01w,8,0,SAS,WNBA,11,1,86,28,6,14,20,3,1,5,5,11,20,10,12,8,0,0,0,2,0,5,2,1,0,1,0,0,0,0,3,1,0,2,2,0,0,0
atkinla01w,8,0,SAC,WNBA,28,0,226,58,13,31,44,15,10,5,33,15,47,22,19,14,2,0,0,2,0,7,0,0,0,0,0,1,0,1,0,2,0,0,0,0,0,0
augusse01w,8,0,MIN,WNBA,34,34,1093,769,37,99,136,79,41,21,83,58,583,296,173,151,62,26,0,0,0,0,0,0,0,0,0,0,0,0,0,0,0,0,0,0,0,0
bakersh01w,8,2,LAS,WNBA,24,11,492,203,17,52,69,77,36,2,65,58,192,63,84,70,33,7,1,0,0,0,0,0,0,0,0,0,0,0,0,0,0,0,0,0,0,0
bakersh01w,8,1,NYL,WNBA,3,0,13,5,0,1,1,0,0,0,0,1,2,2,0,0,1,1,0,0,0,0,0,0,0,0,0,0,0,0,0,0,0,0,0,0,0,0
balesal01w,8,0,IND,WNBA,17,0,169,55,12,33,45,2,4,13,7,14,42,24,8,7,0,0,0,4,0,17,0,0,2,2,1,0,0,1,2,4,0,0,0,0,0,0
battlas01w,8,0,NYL,WNBA,34,5,757,252,32,94,126,56,35,2,48,50,244,89,58,45,93,29,0,3,0,63,11,0,7,7,4,1,0,1,8,14,5,2,1,2,0,0
beardal01w,8,0,WAS,WNBA,33,33,1169,622,25,114,139,99,64,24,94,105,539,224,150,127,146,47,2,0,0,0,0,0,0,0,0,0,0,0,0,0,0,0,0,0,0,0
beviltu01w,8,0,IND,WNBA,34,34,901,180,15,60,75,92,56,2,53,88,150,66,22,15,89,33,0,6,6,215,44,5,11,16,19,11,0,8,17,44,13,12,10,28,8,1
birdsu01w,8,0,SEA,WNBA,29,29,919,303,8,49,57,143,43,8,67,46,276,118,26,22,133,45,0,2,2,71,33,0,4,4,10,4,0,6,4,24,11,4,4,12,7,0
blueni01w,8,0,WAS,WNBA,30,1,420,107,13,50,63,48,22,5,37,55,108,35,37,31,27,6,0,0,0,0,0,0,0,0,0,0,0,0,0,0,0,0,0,0,0,0
bowenli01w,8,0,NYL,WNBA,6,1,37,9,0,2,2,1,0,0,4,0,10,3,0,0,6,3,0,0,0,0,0,0,0,0,0,0,0,0,0,0,0,0,0,0,0,0
braxtka01w,8,0,DET,WNBA,31,20,545,207,54,112,166,16,14,16,62,91,188,84,58,39,0,0,2,11,0,170,77,21,39,60,5,3,8,20,29,64,30,24,17,1,0,0
brownki01w,8,2,LAS,WNBA,27,0,327,131,8,31,39,48,12,3,25,21,99,39,40,35,40,18,0,0,0,0,0,0,0,0,0,0,0,0,0,0,0,0,0,0,0,0
brownki01w,8,1,MIN,WNBA,3,0,29,11,2,3,5,2,1,1,2,5,9,2,8,6,3,1,0,0,0,0,0,0,0,0,0,0,0,0,0,0,0,0,0,0,0,0
brunsre01w,8,0,SAC,WNBA,33,29,932,378,130,165,295,24,44,31,58,78,298,141,140,96,4,0,0,3,3,88,45,4,15,19,1,3,5,2,3,31,19,10,7,0,0,0
burseja01w,8,0,SEA,WNBA,29,29,709,256,67,87,154,22,13,28,58,86,209,93,101,70,1,0,0,0,0,0,0,0,0,0,0,0,0,0,0,0,0,0,0,0,0,0
byearla01w,8,0,HOU,WNBA,30,0,327,151,37,38,75,16,23,5,37,60,110,65,36,21,0,0,0,0,0,0,0,0,0,0,0,0,0,0,0,0,0,0,0,0,0,0
cantydo01w,8,0,CHI,WNBA,30,27,776,259,19,45,64,123,30,4,57,42,241,87,115,81,16,4,0,0,0,0,0,0,0,0,0,0,0,0,0,0,0,0,0,0,0,0
careyja01w,8,0,CON,WNBA,33,0,419,112,1,29,30,30,4,0,16,30,101,37,8,6,71,32,0,3,0,47,8,0,2,2,9,1,0,1,1,7,2,3,2,6,2,0
cashsw01w,8,0,DET,WNBA,31,31,959,344,54,135,189,79,19,13,81,70,307,126,121,92,3,0,0,11,11,277,95,16,26,42,18,5,2,18,23,91,41,23,13,3,0,0
castriz01w,8,0,SEA,WNBA,34,34,963,419,19,77,96,95,35,4,64,70,331,139,101,81,156,60,0,2,2,51,20,0,4,4,4,0,1,4,6,20,8,0,0,13,4,0
catchta01w,8,0,IND,WNBA,21,21,678,348,54,135,189,98,66,22,62,64,259,108,133,109,74,23,0,6,6,196,95,12,54,66,19,13,3,10,15,73,27,41,36,19,5,0
chambco01w,8,0,CON,WNBA,1,0,1,0,0,0,0,0,0,0,2,0,0,0,0,0,0,0,0,0,0,0,0,0,0,0,0,0,0,0,0,0,0,0,0,0,0,0
chriska01w,8,0,CHI,WNBA,23,7,212,48,17,26,43,7,10,5,21,59,48,20,18,8,0,0,1,0,0,0,0,0,0,0,0,0,0,0,0,0,0,0,0,0,0,0
chrissh01w,8,0,NYL,WNBA,33,32,1065,368,34,115,149,70,34,19,82,99,328,118,117,93,119,39,0,3,3,110,44,4,18,22,6,2,0,4,9,34,15,9,8,12,6,0
coggicl01w,8,0,CHI,WNBA,20,0,196,49,3,13,16,8,5,1,19,28,77,19,4,1,50,10,0,0,0,0,0,0,0,0,0,0,0,0,0,0,0,0,0,0,0,0
currimo01w,8,1,CHI,WNBA,2,2,61,29,3,9,12,4,1,0,4,3,27,8,15,11,11,2,0,0,0,0,0,0,0,0,0,0,0,0,0,0,0,0,0,0,0,0
currimo01w,8,2,WAS,WNBA,31,22,771,325,42,79,121,54,23,7,47,92,214,98,148,117,30,12,1,0,0,0,0,0,0,0,0,0,0,0,0,0,0,0,0,0,0,0
dalesst01w,8,0,CHI,WNBA,31,30,845,319,14,41,55,83,20,0,57,53,314,109,39,33,201,68,0,0,0,0,0,0,0,0,0,0,0,0,0,0,0,0,0,0,0,0
darlihe01w,8,0,SAS,WNBA,33,19,684,134,7,62,69,103,45,1,53,84,120,46,35,27,41,15,0,5,5,121,42,3,14,17,19,6,0,13,14,30,14,6,5,17,9,0
davenje01w,8,0,NYL,WNBA,33,13,382,176,22,66,88,9,7,29,44,65,137,61,66,54,1,0,0,2,0,10,3,1,2,3,0,0,0,3,3,2,0,4,3,0,0,0
davisde01w,8,0,HOU,WNBA,3,0,19,6,0,0,0,0,0,0,5,2,6,2,0,0,3,2,0,0,0,0,0,0,0,0,0,0,0,0,0,0,0,0,0,0,0,0
deforan01w,8,0,IND,WNBA,34,34,795,296,28,83,111,52,26,4,46,36,268,112,32,29,105,43,0,6,6,197,101,4,18,22,6,8,1,9,10,75,35,20,20,28,11,0
derevje01w,8,0,PHO,WNBA,23,0,200,36,5,18,23,24,6,1,16,18,30,13,11,9,10,1,0,1,0,2,0,0,0,0,0,0,0,0,0,0,0,0,0,0,0,0
desouer01w,8,0,CON,WNBA,32,2,391,136,37,60,97,14,7,29,35,55,118,63,21,10,0,0,0,1,0,7,0,0,0,0,1,0,0,0,0,1,0,0,0,0,0,0
dixonta01w,8,0,HOU,WNBA,18,0,490,216,12,45,57,57,24,6,38,42,205,90,36,31,17,5,0,0,0,0,0,0,0,0,0,0,0,0,0,0,0,0,0,0,0,0
doronsh01w,8,0,NYL,WNBA,7,2,35,10,0,3,3,0,3,0,1,2,11,4,2,1,1,1,0,1,0,2,0,0,0,0,0,0,0,0,0,1,0,0,0,1,0,0
douglka01w,8,0,CON,WNBA,34,34,1133,577,49,109,158,125,65,10,95,67,484,207,122,95,201,68,0,3,3,114,52,6,10,16,10,10,0,15,7,52,18,9,8,28,8,0
duffyme01w,8,0,MIN,WNBA,5,0,48,7,2,3,5,7,1,0,4,7,9,1,4,4,8,1,0,0,0,0,0,0,0,0,0,0,0,0,0,0,0,0,0,0,0,0
dupreca01w,8,0,CHI,WNBA,33,33,1078,544,79,175,254,46,29,41,81,82,471,210,160,124,5,0,1,0,0,0,0,0,0,0,0,0,0,0,0,0,0,0,0,0,0,0
dydekma01w,8,0,CON,WNBA,32,30,643,214,37,172,209,31,12,66,51,75,187,91,38,30,5,2,1,3,3,80,21,3,16,19,2,0,8,3,4,25,10,2,0,2,1,0
elysh01w,8,0,SEA,WNBA,29,0,282,65,10,29,39,11,8,1,19,28,62,20,31,20,15,5,0,0,0,0,0,0,0,0,0,0,0,0,0,0,0,0,0,0,0,0
farriba01w,8,0,NYL,WNBA,28,0,237,53,16,27,43,13,6,1,19,32,58,20,16,13,0,0,0,3,0,12,6,0,0,0,0,0,0,2,3,5,3,0,0,0,0,0
ferdima01w,8,0,SAS,WNBA,34,12,481,164,33,48,81,28,19,3,37,55,170,61,40,36,27,6,0,5,0,71,33,7,12,19,6,10,0,6,7,26,11,13,11,2,0,0
fernama01w,8,0,LAS,WNBA,34,20,891,297,12,60,72,101,36,14,90,31,282,107,89,71,49,12,0,0,0,0,0,0,0,0,0,0,0,0,0,0,0,0,0,0,0,0
flukety01w,8,2,LAS,WNBA,12,0,114,39,9,10,19,3,3,7,9,13,44,17,7,4,2,1,0,0,0,0,0,0,0,0,0,0,0,0,0,0,0,0,0,0,0,0
flukety01w,8,1,SEA,WNBA,9,0,31,1,2,5,7,0,0,1,3,4,10,0,2,1,1,0,0,0,0,0,0,0,0,0,0,0,0,0,0,0,0,0,0,0,0,0
fordch01w,8,0,DET,WNBA,15,15,460,195,48,120,168,22,28,11,42,54,143,71,83,53,0,0,0,10,8,228,69,33,59,92,4,5,3,14,32,65,27,33,15,1,0,0
frohlli01w,8,0,SAC,WNBA,10,0,51,14,2,7,9,2,1,1,12,10,13,4,4,4,3,2,0,1,0,8,3,0,1,1,0,1,0,1,3,3,1,2,1,0,0,0
gearlka01w,8,0,SEA,WNBA,33,0,437,132,16,37,53,24,12,6,20,22,114,44,25,22,64,22,0,2,0,23,3,1,2,3,3,1,0,1,2,2,1,0,0,1,1,0
goringi01w,8,0,WAS,WNBA,21,0,156,54,16,25,41,3,5,12,4,28,45,19,21,16,1,0,0,0,0,0,0,0,0,0,0,0,0,0,0,0,0,0,0,0,0,0
granter01w,8,0,HOU,WNBA,17,2,211,25,7,12,19,37,7,0,11,20,23,9,10,7,2,0,0,0,0,0,0,0,0,0,0,0,0,0,0,0,0,0,0,0,0,0
griffyo01w,8,0,SAC,WNBA,32,32,738,289,63,84,147,47,33,12,65,97,213,107,114,75,0,0,1,3,3,71,26,8,10,18,1,2,1,7,6,22,9,9,8,0,0,0
hairska01w,8,0,CON,WNBA,17,0,148,32,14,16,30,6,7,0,9,25,41,10,12,9,12,3,0,0,0,0,0,0,0,0,0,0,0,0,0,0,0,0,0,0,0,0
hammobe01w,8,0,SAS,WNBA,28,27,934,527,8,69,77,140,23,5,114,51,402,179,102,95,183,74,0,5,5,175,104,5,9,14,25,6,1,16,13,92,38,10,8,45,20,1
hardili01w,8,0,MIN,WNBA,20,20,602,233,15,72,87,78,20,6,47,44,243,86,78,53,35,8,0,0,0,0,0,0,0,0,0,0,0,0,0,0,0,0,0,0,0,0
haynikr01w,8,0,SAC,WNBA,34,2,545,126,8,29,37,70,18,6,68,43,136,48,10,8,45,22,0,3,0,50,17,1,4,5,6,1,1,4,3,12,6,2,2,5,3,0
hodgedo01w,8,0,SEA,WNBA,6,0,33,10,0,2,2,6,1,0,5,2,13,4,2,2,3,0,0,0,0,0,0,0,0,0,0,0,0,0,0,0,0,0,0,0,0,0
hodgero01w,8,0,HOU,WNBA,29,4,331,102,8,22,30,27,13,0,20,21,111,31,22,20,67,20,0,0,0,0,0,0,0,0,0,0,0,0,0,0,0,0,0,0,0,0
hoffmeb01w,8,0,IND,WNBA,34,10,582,144,40,97,137,26,21,18,41,69,128,57,34,28,5,2,0,4,0,42,10,3,6,9,1,0,1,2,3,12,5,0,0,2,0,0
holdsch01w,8,0,LAS,WNBA,5,5,150,79,9,19,28,15,6,3,26,14,63,31,18,15,3,2,0,0,0,0,0,0,0,0,0,0,0,0,0,0,0,0,0,0,0,0
irvinsa01w,8,0,SAS,WNBA,23,0,128,27,16,24,40,7,3,10,11,20,42,13,2,1,4,0,0,3,0,9,2,0,1,1,0,0,1,1,2,1,1,0,0,0,0,0
jacksla01w,8,0,SEA,WNBA,31,31,1020,739,80,220,300,40,31,63,56,93,497,258,197,174,122,49,1,2,2,68,38,4,19,23,1,2,3,5,9,23,13,9,9,10,3,0
jacksti02w,8,0,NYL,WNBA,34,0,474,173,31,73,104,19,23,12,49,66,154,64,79,45,0,0,0,3,0,43,23,5,8,13,4,2,1,6,3,17,8,9,7,0,0,0
jacobam01w,8,0,MIN,WNBA,29,0,328,93,4,16,20,40,9,0,41,31,102,34,13,8,65,17,0,0,0,0,0,0,0,0,0,0,0,0,0,0,0,0,0,0,0,0
jamesta01w,8,0,WAS,WNBA,31,9,401,167,15,34,49,34,25,4,28,43,134,52,53,45,50,18,0,0,0,0,0,0,0,0,0,0,0,0,0,0,0,0,0,0,0,0
joensca01w,8,0,CHI,WNBA,19,0,271,95,6,27,33,32,17,1,13,18,79,31,13,11,45,22,0,0,0,0,0,0,0,0,0,0,0,0,0,0,0,0,0,0,0,0
johnssh01w,8,0,DET,WNBA,33,8,559,193,18,43,61,56,20,2,40,68,166,57,61,50,70,29,0,11,1,186,57,8,17,25,28,5,2,13,13,53,19,13,10,26,9,0
johnste01w,8,0,LAS,WNBA,11,11,206,70,4,25,29,30,8,1,31,17,88,29,16,11,3,1,0,0,0,0,0,0,0,0,0,0,0,0,0,0,0,0,0,0,0,0
johnsvi01w,8,0,SAS,WNBA,30,29,852,243,51,93,144,104,34,8,36,46,214,95,39,32,49,21,0,5,5,165,47,9,20,29,23,6,1,9,11,49,18,6,3,19,8,0
jonesas01w,8,0,CON,WNBA,30,30,942,459,65,118,183,75,25,23,91,90,430,193,94,72,12,1,1,3,3,116,47,7,17,24,10,3,2,5,11,44,22,3,2,1,1,0
koehnla01w,8,0,WAS,WNBA,28,0,109,40,0,8,8,5,0,0,3,8,36,13,2,2,33,12,0,0,0,0,0,0,0,0,0,0,0,0,0,0,0,0,0,0,0,0
kraayca01w,8,0,NYL,WNBA,34,34,967,366,38,116,154,51,32,20,84,84,298,129,70,55,129,53,0,3,3,87,38,4,14,18,2,2,3,4,9,33,14,5,5,12,5,0
lacyje01w,8,0,PHO,WNBA,20,0,94,35,10,9,19,2,3,0,10,26,29,12,18,10,3,1,0,1,0,3,2,0,0,0,0,0,0,0,2,2,1,2,0,0,0,0
lattaiv01w,8,0,DET,WNBA,31,1,221,93,4,15,19,20,8,2,16,24,87,34,7,3,49,22,0,10,0,47,19,0,3,3,3,2,0,2,3,19,5,6,4,15,5,0
lawsoka01w,8,0,SAC,WNBA,34,0,774,375,24,56,80,67,29,8,49,49,340,128,88,74,133,45,0,3,0,75,37,1,6,7,9,3,2,2,5,26,13,7,6,13,5,0
lennobe01w,8,0,SEA,WNBA,34,34,937,454,47,113,160,92,36,5,91,75,362,155,121,110,99,34,0,2,2,62,36,5,8,13,4,2,0,4,9,36,13,5,5,13,5,1
leuchye01w,8,0,WAS,WNBA,6,0,29,4,2,1,3,3,2,0,3,7,6,1,2,2,0,0,0,0,0,0,0,0,0,0,0,0,0,0,0,0,0,0,0,0,0,0
littlca01w,8,0,SAS,WNBA,34,7,711,132,57,95,152,23,30,11,40,70,131,54,40,21,11,3,0,5,0,87,18,4,7,11,4,2,6,4,10,14,6,12,6,0,0,0
lovelst01w,8,0,WAS,WNBA,9,0,105,24,6,7,13,2,4,0,7,13,21,9,8,4,7,2,0,0,0,0,0,0,0,0,0,0,0,0,0,0,0,0,0,0,0,0
lyttlsa01w,8,0,HOU,WNBA,31,25,506,183,66,98,164,30,37,20,40,62,156,77,51,29,0,0,0,0,0,0,0,0,0,0,0,0,0,0,0,0,0,0,0,0,0,0
mabikmw01w,8,0,LAS,WNBA,33,23,762,267,16,110,126,72,28,4,73,90,258,94,57,43,116,36,1,0,0,0,0,0,0,0,0,0,0,0,0,0,0,0,0,0,0,0
mahonme01w,8,0,CON,WNBA,18,0,121,31,7,7,14,8,4,1,11,18,28,7,22,16,6,1,0,2,0,11,7,2,1,3,0,1,0,0,3,4,3,2,1,1,0,0
maigaha01w,8,0,HOU,WNBA,34,34,1008,310,39,98,137,77,57,3,70,113,269,122,78,65,5,1,1,0,0,0,0,0,0,0,0,0,0,0,0,0,0,0,0,0,0,0
maltsev01w,8,0,CON,WNBA,26,7,482,147,16,50,66,39,20,2,26,39,140,53,12,9,77,32,0,3,0,33,0,0,4,4,1,1,3,3,3,6,0,0,0,6,0,0
mannkr01w,8,0,MIN,WNBA,34,17,882,258,39,83,122,43,31,7,27,81,256,96,37,29,106,37,1,0,0,0,0,0,0,0,0,0,0,0,0,0,0,0,0,0,0,0
mazzake01w,8,0,PHO,WNBA,34,3,488,182,11,45,56,38,26,2,20,28,165,64,15,15,114,39,0,9,0,131,58,7,11,18,6,4,0,1,9,45,19,2,2,42,18,0
mccarja01w,8,0,NYL,WNBA,32,21,677,332,45,107,152,36,39,20,79,72,249,136,72,60,1,0,1,3,3,98,42,3,14,17,10,8,4,9,13,41,17,14,8,0,0,0
mckivte01w,8,0,PHO,WNBA,2,0,5,0,0,1,1,0,0,1,0,1,0,0,2,0,0,0,0,0,0,0,0,0,0,0,0,0,0,0,0,0,0,0,0,0,0,0
mcwilta01w,8,0,LAS,WNBA,29,27,851,321,69,101,170,49,34,30,50,75,255,125,88,68,13,3,1,0,0,0,0,0,0,0,0,0,0,0,0,0,0,0,0,0,0,0
melvich01w,8,2,CHI,WNBA,29,25,853,288,66,127,193,37,32,22,69,88,233,109,110,69,5,1,0,0,0,0,0,0,0,0,0,0,0,0,0,0,0,0,0,0,0,0
melvich01w,8,1,WAS,WNBA,3,3,82,34,7,13,20,0,6,0,2,13,26,9,19,16,2,0,0,0,0,0,0,0,0,0,0,0,0,0,0,0,0,0,0,0,0,0
milleco01w,8,0,WAS,WNBA,30,2,455,120,20,29,49,25,19,2,29,45,116,47,16,16,25,10,0,0,0,0,0,0,0,0,0,0,0,0,0,0,0,0,0,0,0,0
milleke01w,8,0,PHO,WNBA,34,34,1040,321,47,121,168,156,42,5,86,94,240,115,82,64,70,27,1,9,9,297,105,19,29,48,32,12,1,18,18,77,35,33,27,26,8,0
millsta01w,8,0,DET,WNBA,5,1,51,15,10,8,18,2,0,0,6,11,21,6,4,3,0,0,0,0,0,0,0,0,0,0,0,0,0,0,0,0,0,0,0,0,0,0
miltode01w,8,0,WAS,WNBA,34,34,1141,456,45,172,217,55,52,38,121,107,473,165,116,98,119,28,2,0,0,0,0,0,0,0,0,0,0,0,0,0,0,0,0,0,0,0
moeggli01w,8,0,CHI,WNBA,23,0,206,37,26,5,31,6,3,2,10,15,41,17,5,2,6,1,0,0,0,0,0,0,0,0,0,0,0,0,0,0,0,0,0,0,0,0
moisead01w,8,0,PHO,WNBA,4,0,31,7,3,4,7,3,3,0,10,2,5,2,2,2,1,1,0,0,0,0,0,0,0,0,0,0,0,0,0,0,0,0,0,0,0,0
mooreje01w,8,0,LAS,WNBA,29,17,440,123,36,52,88,18,6,6,33,64,121,48,42,27,0,0,1,0,0,0,0,0,0,0,0,0,0,0,0,0,0,0,0,0,0,0
moorelo01w,8,0,NYL,WNBA,34,33,1163,327,40,98,138,163,75,5,99,93,289,119,58,34,135,55,1,3,3,113,31,1,14,15,15,6,0,6,4,32,12,4,2,17,5,0
moorena01w,8,0,MIN,WNBA,19,0,87,21,3,12,15,4,3,0,7,21,26,7,8,6,8,1,0,0,0,0,0,0,0,0,0,0,0,0,0,0,0,0,0,0,0,0
mooreta01w,8,0,HOU,WNBA,15,9,289,58,8,17,25,44,16,2,32,38,57,21,12,12,15,4,1,0,0,0,0,0,0,0,0,0,0,0,0,0,0,0,0,0,0,0
mosbybe01w,8,0,WAS,WNBA,28,0,279,83,25,53,78,10,8,6,19,22,62,30,28,23,1,0,0,0,0,0,0,0,0,0,0,0,0,0,0,0,0,0,0,0,0,0
murphsh01w,8,0,MIN,WNBA,32,0,436,165,50,54,104,17,19,8,20,48,145,54,46,39,66,18,0,0,0,0,0,0,0,0,0,0,0,0,0,0,0,0,0,0,0,0
ndiayas01w,8,0,SEA,WNBA,4,0,58,10,4,3,7,0,1,1,5,6,14,5,0,0,1,0,0,1,0,4,0,0,0,0,0,1,0,1,0,1,0,0,0,0,0,0
newtoch01w,8,0,SAC,WNBA,34,34,696,219,28,34,62,46,31,6,42,96,197,74,78,60,33,11,2,3,3,46,9,4,3,7,3,5,1,3,13,12,3,2,2,1,1,0
nolande01w,8,0,DET,WNBA,34,34,1175,553,35,113,148,132,49,12,82,69,480,221,79,65,117,46,0,11,11,412,208,10,59,69,45,9,3,21,29,188,80,30,27,47,21,0
ohldeni01w,8,0,MIN,WNBA,34,34,922,392,69,139,208,56,17,20,82,127,342,128,161,136,0,0,4,0,0,0,0,0,0,0,0,0,0,0,0,0,0,0,0,0,0,0
pagemu01w,8,0,LAS,WNBA,34,8,627,163,33,78,111,45,14,9,25,68,170,71,24,19,10,2,0,0,0,0,0,0,0,0,0,0,0,0,0,0,0,0,0,0,0,0
palmewe01w,8,0,SEA,WNBA,34,3,474,156,44,101,145,17,15,7,36,75,132,55,55,43,21,3,0,2,0,27,17,4,4,8,0,0,1,2,6,16,8,1,0,2,1,0
penicti01w,8,0,SAC,WNBA,32,32,757,181,18,65,83,144,49,1,60,59,188,59,73,60,14,3,1,3,3,69,18,3,4,7,15,7,0,10,9,22,6,10,6,3,0,0
perkiji01w,8,0,CHI,WNBA,33,5,762,386,30,80,110,75,50,7,51,65,330,153,53,41,90,39,1,0,0,0,0,0,0,0,0,0,0,0,0,0,0,0,0,0,0,0
phillta01w,8,0,HOU,WNBA,7,0,35,10,2,3,5,1,3,0,5,9,10,3,4,4,0,0,0,0,0,0,0,0,0,0,0,0,0,0,0,0,0,0,0,0,0,0
pierspl01w,8,0,DET,WNBA,34,0,858,396,70,127,197,59,26,29,79,110,312,149,130,98,5,0,5,11,1,281,123,32,47,79,18,7,12,28,43,109,46,41,30,2,1,2
pondeca01w,8,0,PHO,WNBA,31,31,966,532,15,97,112,123,29,8,69,59,448,193,135,110,108,36,0,9,9,300,215,11,32,43,52,11,1,17,14,160,74,63,55,38,12,0
powelel01w,8,0,DET,WNBA,32,12,323,60,11,23,34,44,12,2,29,33,54,22,23,16,0,0,0,11,3,94,10,2,9,11,12,5,0,8,8,9,3,4,4,0,0,0
powelni01w,8,0,SAC,WNBA,34,34,986,436,65,126,191,58,48,12,64,63,391,147,83,80,163,62,0,3,3,80,46,4,13,17,5,4,1,7,7,35,16,11,11,10,3,0
pricear01w,8,0,CHI,WNBA,34,34,893,269,83,121,204,99,40,7,59,67,232,95,151,78,3,1,0,0,0,0,0,0,0,0,0,0,0,0,0,0,0,0,0,0,0,0
quinnno01w,8,0,MIN,WNBA,34,19,670,96,18,71,89,148,29,13,67,40,124,37,24,15,38,7,0,0,0,0,0,0,0,0,0,0,0,0,0,0,0,0,0,0,0,0
rasmukr01w,8,0,CON,WNBA,33,3,522,114,35,56,91,29,11,5,35,54,99,41,21,17,27,15,1,2,0,38,12,0,4,4,2,1,1,0,5,10,6,0,0,2,0,0
raymost01w,8,0,CHI,WNBA,20,0,180,61,2,12,14,27,4,0,18,11,61,20,13,7,44,14,0,0,0,0,0,0,0,0,0,0,0,0,0,0,0,0,0,0,0,0
rileyru01w,8,0,SAS,WNBA,30,29,773,176,32,116,148,37,27,59,69,114,194,72,29,27,27,5,1,5,5,132,30,6,19,25,11,3,13,8,19,31,14,0,0,4,2,0
robinas01w,8,0,SEA,WNBA,33,5,409,48,30,70,100,14,16,25,26,57,63,22,15,4,1,0,0,2,2,52,8,4,12,16,6,2,5,3,4,11,4,0,0,0,0,0
robincr01w,8,0,WAS,WNBA,2,1,34,2,0,2,2,2,2,1,1,4,6,1,0,0,2,0,0,0,0,0,0,0,0,0,0,0,0,0,0,0,0,0,0,0,0,0
salesny01w,8,0,CON,WNBA,26,25,762,341,33,72,105,82,36,11,57,59,314,123,82,72,71,23,1,3,3,104,37,1,14,15,6,1,0,7,10,31,13,10,7,9,4,0
samsh01w,8,0,IND,WNBA,33,4,591,164,35,62,97,42,29,6,39,58,186,63,42,29,33,9,0,6,5,185,48,15,17,32,13,6,1,5,19,51,19,12,6,8,4,0
sandeam01w,8,0,DET,WNBA,6,0,9,2,0,2,2,0,0,0,2,3,2,0,4,2,0,0,0,0,0,0,0,0,0,0,0,0,0,0,0,0,0,0,0,0,0,0
sanfona01w,8,0,WAS,WNBA,34,31,994,375,100,142,242,23,27,28,88,141,232,123,194,129,0,0,5,0,0,0,0,0,0,0,0,0,0,0,0,0,0,0,0,0,0,0
schumke01w,8,0,PHO,WNBA,34,0,543,151,29,118,147,12,17,25,34,66,125,57,46,34,7,3,0,9,0,118,11,15,14,29,3,4,8,5,17,31,5,2,1,0,0,0
scottol01w,8,0,PHO,WNBA,8,0,32,8,2,2,4,2,3,1,3,6,7,1,8,6,0,0,0,1,0,2,0,0,0,0,0,0,0,0,0,1,0,0,0,0,0,0
sharpkb01w,8,0,IND,WNBA,34,0,454,109,10,22,32,49,13,0,26,17,97,40,29,21,28,8,0,6,0,46,7,2,3,5,3,1,0,2,1,10,1,6,5,3,0,0
shielas01w,8,0,HOU,WNBA,26,0,304,137,14,19,33,20,10,1,44,25,138,38,73,54,18,7,0,0,0,0,0,0,0,0,0,0,0,0,0,0,0,0,0,0,0,0
smithcr01w,8,0,HOU,WNBA,27,23,683,170,12,41,53,72,34,3,56,50,156,62,21,19,70,27,0,0,0,0,0,0,0,0,0,0,0,0,0,0,0,0,0,0,0,0
smithka01w,8,0,DET,WNBA,34,34,1166,450,18,110,128,124,42,3,59,81,355,128,157,133,196,61,0,11,11,393,134,7,28,35,40,8,2,25,32,132,45,25,19,73,25,1
smithki01w,8,0,SAC,WNBA,3,0,6,0,0,2,2,0,0,0,1,1,0,0,0,0,0,0,0,0,0,0,0,0,0,0,0,0,0,0,0,0,0,0,0,0,0,0
smithta01w,8,0,PHO,WNBA,34,34,1072,428,54,166,220,44,40,56,56,101,399,165,99,78,61,20,1,9,9,286,105,16,54,70,15,9,16,13,32,91,37,20,16,31,15,0
smithty01w,8,0,DET,WNBA,1,0,7,1,1,1,2,0,1,0,0,0,2,0,2,1,0,0,0,1,0,0,0,0,0,0,0,0,0,0,0,0,0,0,0,0,0,0
snellbe01w,8,0,PHO,WNBA,30,2,343,107,12,34,46,44,20,4,18,31,106,37,11,7,79,26,0,8,0,52,13,6,3,9,7,1,0,2,9,23,4,2,1,18,4,0
snowmi01w,8,0,HOU,WNBA,34,34,892,366,78,152,230,47,18,35,91,107,284,140,112,86,0,0,1,0,0,0,0,0,0,0,0,0,0,0,0,0,0,0,0,0,0,0
spencsi01w,8,0,LAS,WNBA,34,22,828,327,48,90,138,42,27,11,35,86,300,118,42,37,123,54,0,0,0,0,0,0,0,0,0,0,0,0,0,0,0,0,0,0,0,0
stansti01w,8,0,MIN,WNBA,30,14,437,130,50,80,130,15,13,11,29,78,120,55,39,20,0,0,0,0,0,0,0,0,0,0,0,0,0,0,0,0,0,0,0,0,0,0
strotan01w,8,0,IND,WNBA,12,0,69,28,6,3,9,3,0,0,2,5,31,10,2,2,15,6,0,3,0,15,7,0,3,3,2,1,0,0,1,7,3,0,0,3,1,0
suttota01w,8,0,IND,WNBA,34,33,860,409,66,118,184,30,35,47,85,115,307,149,155,111,0,0,1,6,6,123,42,7,21,28,4,1,12,8,15,43,15,21,12,0,0,0
swoopsh01w,8,0,HOU,WNBA,3,3,106,23,3,14,17,11,5,1,9,3,25,9,4,4,7,1,0,0,0,0,0,0,0,0,0,0,0,0,0,0,0,0,0,0,0,0
tauradi01w,8,0,PHO,WNBA,32,32,1025,613,18,117,135,137,45,34,84,106,468,206,127,106,259,95,1,9,9,299,179,6,33,39,27,13,7,18,31,127,64,26,19,82,32,1
taylope01w,8,0,PHO,WNBA,34,34,1010,605,73,141,214,98,51,22,77,120,397,198,198,175,90,34,2,9,9,311,174,24,47,71,34,16,10,25,33,112,52,68,62,20,8,0
teaslni01w,8,0,WAS,WNBA,33,33,746,172,19,54,73,109,23,6,62,80,152,51,45,42,85,28,0,0,0,0,0,0,0,0,0,0,0,0,0,0,0,0,0,0,0,0
terryka01w,8,0,IND,WNBA,9,0,54,9,5,9,14,1,2,3,11,18,12,3,4,3,0,0,1,0,0,0,0,0,0,0,0,0,0,0,0,0,0,0,0,0,0,0
thomaca01w,8,0,CHI,WNBA,17,0,122,43,11,17,28,3,1,4,7,22,38,15,14,13,1,0,0,0,0,0,0,0,0,0,0,0,0,0,0,0,0,0,0,0,0,0
thomach01w,8,0,LAS,WNBA,34,19,640,287,66,113,179,18,22,9,46,119,237,114,70,53,17,6,2,0,0,0,0,0,0,0,0,0,0,0,0,0,0,0,0,0,0,0
thomala01w,8,0,LAS,WNBA,27,7,487,208,27,34,61,32,9,7,29,63,174,77,46,38,38,16,0,0,0,0,0,0,0,0,0,0,0,0,0,0,0,0,0,0,0,0
thompti01w,8,0,HOU,WNBA,34,34,1234,639,65,164,229,94,29,23,112,62,495,208,205,171,130,52,0,0,0,0,0,0,0,0,0,0,0,0,0,0,0,0,0,0,0,0
thorbsh01w,8,0,SEA,WNBA,2,0,8,2,0,1,1,0,0,0,2,0,2,1,0,0,0,0,0,0,0,0,0,0,0,0,0,0,0,0,0,0,0,0,0,0,0,0
thorner01w,8,0,NYL,WNBA,29,29,883,281,17,70,87,73,25,1,48,40,245,104,34,25,123,48,0,3,3,74,13,1,8,9,6,2,0,3,1,11,5,0,0,8,3,0
tilliic01w,8,2,DET,WNBA,8,1,26,4,2,5,7,1,0,0,7,3,6,2,0,0,2,0,0,0,0,0,0,0,0,0,0,0,0,0,0,0,0,0,0,0,0,0
tilliic01w,8,1,LAS,WNBA,3,0,8,0,0,1,1,0,0,0,4,3,2,0,0,0,0,0,0,0,0,0,0,0,0,0,0,0,0,0,0,0,0,0,0,0,0,0
turneba01w,8,0,HOU,WNBA,22,2,263,92,9,33,42,20,8,4,21,25,72,29,41,27,30,7,0,0,0,0,0,0,0,0,0,0,0,0,0,0,0,0,0,0,0,0
walkeay01w,8,0,DET,WNBA,2,1,43,7,0,6,6,1,1,2,6,8,7,3,3,1,0,0,1,5,0,9,6,1,4,5,1,0,0,0,2,3,2,3,2,0,0,0
walkede01w,8,0,SAC,WNBA,5,5,105,44,17,8,25,6,3,3,15,11,42,17,14,10,0,0,0,0,0,0,0,0,0,0,0,0,0,0,0,0,0,0,0,0,0,0
weberma01w,8,0,NYL,WNBA,2,0,4,0,0,1,1,0,0,0,1,0,1,0,0,0,0,0,0,0,0,0,0,0,0,0,0,0,0,0,0,0,0,0,0,0,0,0
weckeke01w,8,0,SAS,WNBA,14,1,73,16,4,4,8,4,3,1,3,7,20,6,6,4,4,0,0,2,0,5,3,0,1,1,0,1,0,2,1,1,1,1,1,0,0,0
whaleli01w,8,0,CON,WNBA,34,34,1040,454,33,129,162,169,73,3,75,85,333,156,158,124,86,18,0,3,3,110,40,2,19,21,15,1,0,11,8,43,14,10,9,13,3,0
whiteta01w,8,0,IND,WNBA,34,9,841,368,25,65,90,65,36,10,99,76,352,136,63,53,127,43,2,5,1,82,9,2,7,9,10,5,2,9,10,15,4,0,0,6,1,0
whitmta01w,8,0,IND,WNBA,34,25,880,370,45,125,170,51,20,11,84,86,335,139,93,71,70,21,1,6,0,184,99,6,26,32,16,3,1,18,19,87,39,13,8,23,13,0
williad01w,8,0,SAC,WNBA,34,2,609,211,61,91,152,28,22,6,57,65,179,85,52,41,0,0,1,3,0,50,14,7,9,16,2,1,1,6,5,17,5,5,4,0,0,0
willile01w,8,0,CON,WNBA,28,5,320,58,27,50,77,11,8,6,19,44,52,20,25,18,4,0,0,3,0,41,16,5,5,10,2,0,1,3,5,8,6,3,3,1,1,0
willili01w,8,1,LAS,WNBA,8,0,77,18,2,7,9,4,4,1,10,10,20,7,4,2,9,2,0,0,0,0,0,0,0,0,0,0,0,0,0,0,0,0,0,0,0,0
willili01w,8,2,NYL,WNBA,16,0,157,61,12,15,27,9,10,0,24,14,61,21,8,5,44,14,0,2,0,13,5,0,0,0,0,0,0,0,1,6,2,0,0,3,1,0
wrighta01w,8,0,SEA,WNBA,34,5,547,139,17,26,43,69,31,2,55,56,125,50,39,33,22,6,0,2,0,42,18,5,0,5,5,1,1,6,6,15,7,4,4,2,0,0
wyckobr01w,8,0,CHI,WNBA,34,7,520,98,24,84,108,47,20,18,27,81,85,32,13,10,67,24,2,0,0,0,0,0,0,0,0,0,0,0,0,0,0,0,0,0,0,0
youngso01w,8,0,SAS,WNBA,33,33,1106,553,72,121,193,51,49,12,61,100,448,214,167,125,5,0,0,5,5,172,101,20,25,45,8,4,2,8,12,73,37,32,27,0,0,0
